chapter	verse	witness	kind	category	from	to	left_ctx	right_ctx	witness_text	edition_text
SS.1.1	SS.1.1.3	H	grouped-minor	nasal-anusvara	ṃ	m	sa		divodāsaṃ	divodāsam
SS.1.1	SS.1.1.3	H	grouped-minor	visarga	r	ḥ	cu		ūcur	ūcuḥ
SS.1.1	SS.1.1.4	K	editorial-surface	other	cch	ñ ś	va	ār	bhagavacchārīramānasāgantu bhi	bhagavañ śārīramānasāgantubhir
SS.1.1	SS.1.1.4	K	editorial-surface	punctuation	 		tu	bh	bhagavacchārīramānasāgantu bhi	bhagavañ śārīramānasāgantubhir
SS.1.1	SS.1.1.4	K	editorial-surface	insertion		r	hi		bhagavacchārīramānasāgantu bhi	bhagavañ śārīramānasāgantubhir
SS.1.1	SS.1.1.4	N	editorial-surface	other	cha	śā	ñ 	rī	bhagavañ charīramānasāgantubhir	bhagavañ śārīramānasāgantubhir
SS.1.1	SS.1.1.4	H	editorial-surface	other	c	ñ	va	 c	bhagavac chārīramānasāgantubhir	bhagavañ śārīramānasāgantubhir
SS.1.1	SS.1.1.4	H	editorial-surface	other	ch	ś	c 	ār	bhagavac chārīramānasāgantubhir	bhagavañ śārīramānasāgantubhir
SS.1.1	SS.1.1.4	H	grouped-minor	degemination	v			vy	vvyādhibhir	vyādhibhir
SS.1.1	SS.1.1.4	K	editorial-surface	other		vi		vi	vidhavedanābhighātopadrutāṃ sanāthān anāthavad viceṣṭamānān vikrośata	vividhavedanābhighātopadrutān sanāthān anāthavad viceṣṭamānān vikrośataś
SS.1.1	SS.1.1.4	K	editorial-surface	nasal-anusvara	ṃ	n	tā	 s	vidhavedanābhighātopadrutāṃ sanāthān anāthavad viceṣṭamānān vikrośata	vividhavedanābhighātopadrutān sanāthān anāthavad viceṣṭamānān vikrośataś
SS.1.1	SS.1.1.4	K	editorial-surface	sibilant		ś	ta		vidhavedanābhighātopadrutāṃ sanāthān anāthavad viceṣṭamānān vikrośata	vividhavedanābhighātopadrutān sanāthān anāthavad viceṣṭamānān vikrośataś
SS.1.1	SS.1.1.4	N	editorial-surface	deletion	ā		n 	sa	vividhavedanābhighātopadrutān āsanāthān anāthavad viceṣṭamānān vikrośataś	vividhavedanābhighātopadrutān sanāthān anāthavad viceṣṭamānān vikrośataś
SS.1.1	SS.1.1.4	H	editorial-surface	degemination	v			vi	vvividhavedanābhighātopadrutāṃ sanāthān anāthavad viceṣṭamānān vikrośataś	vividhavedanābhighātopadrutān sanāthān anāthavad viceṣṭamānān vikrośataś
SS.1.1	SS.1.1.4	H	editorial-surface	nasal-anusvara	ṃ	n	tā	 s	vvividhavedanābhighātopadrutāṃ sanāthān anāthavad viceṣṭamānān vikrośataś	vividhavedanābhighātopadrutān sanāthān anāthavad viceṣṭamānān vikrośataś
SS.1.1	SS.1.1.4b	H	grouped-minor	degemination	v		rv	ed	āyurvvedam	āyurvedaṃ
SS.1.1	SS.1.1.4b	H	grouped-minor	nasal-anusvara	m	ṃ	da		āyurvvedam	āyurvedaṃ
SS.1.1	SS.1.1.4b	N	grouped-minor	deletion	ḥ		ma		icchāmaḥ	icchāma
SS.1.1	SS.1.1.4b	H	editorial-surface	insertion		ḥ	nā	 s	upasannā smaḥ	upasannāḥ smaḥ
SS.1.1	SS.1.1.5	H	grouped-minor	degemination	v		rv	a	sarvva	sarva
SS.1.1	SS.1.1.5	K	grouped-minor	punctuation	 		a	dh	a dhyā pyāś ca	adhyāpyāś ca
SS.1.1	SS.1.1.5	K	grouped-minor	punctuation	 		yā	py	a dhyā pyāś ca	adhyāpyāś ca
SS.1.1	SS.1.1.5	K	grouped-minor	nasal-anusvara	ṃ	n	va	to	bhavaṃto	bhavanto
SS.1.1	SS.1.1.6	H	grouped-minor	degemination	v		rv	ed	khalv āyurvvedo	khalv āyurvedo
SS.1.1	SS.1.1.6	H	grouped-minor	degemination	v		ar	va	atharvvavedasyoktam	atharvavedasyoktam
SS.1.1	SS.1.1.8.1	K	grouped-minor	visarga	s	ḥ	sa		pratyekāṅgalakṣaṇasamāsas	pratyekāṅgalakṣaṇasamāsaḥ
SS.1.1	SS.1.1.8.1	H	grouped-minor	visarga	s	ḥ	sa		pratyekāṅgalakṣaṇasamāsas	pratyekāṅgalakṣaṇasamāsaḥ
SS.1.1	SS.1.1.8.1	N	grouped-minor	visarga	s	ḥ	sa		pratyekāṅgalakṣaṇasamāsas	pratyekāṅgalakṣaṇasamāsaḥ
SS.1.1	SS.1.1.8.2	K	grouped-minor	gemination		d	or	dh	nāmordhvajatrugatānāṃ	nāmorddhvajatrugatānāṃ
SS.1.1	SS.1.1.8.2	N	grouped-minor	gemination		d	or	dh	nāmordhvajatrugatānāṃ	nāmorddhvajatrugatānāṃ
SS.1.1	SS.1.1.8.2	K	grouped-minor	nasal-anusvara	ṃ	m	ha		upaśamakaraṇārthaṃ	upaśamakaraṇārtham
SS.1.1	SS.1.1.8.2	H	grouped-minor	nasal-anusvara	ṃ	m	ha		upaśamakaraṇārthaṃ	upaśamakaraṇārtham
SS.1.1	SS.1.1.8.3	H	grouped-minor	degemination	v		ar	va	sarvvaśarīrāvasthitānāṃ	sarvaśarīrāvasthitānāṃ
SS.1.1	SS.1.1.8.4	K	editorial-surface	deletion	✗		va	ga	deva✗gandharvakṣarākṣasapitṛpiśācavināyakanāgagrahopasṛṣṭacetasāṃ	devagandharvayakṣarākṣasapitṛpiśācavināyakanāgagrahopasṛṣṭacetasāṃ
SS.1.1	SS.1.1.8.4	K	editorial-surface	other		ay	rv	ak	deva✗gandharvakṣarākṣasapitṛpiśācavināyakanāgagrahopasṛṣṭacetasāṃ	devagandharvayakṣarākṣasapitṛpiśācavināyakanāgagrahopasṛṣṭacetasāṃ
SS.1.1	SS.1.1.8.5	N	grouped-minor	nasal-anusvara	m	ṃ	ha		kumārabharaṇadhātrīkṣīradoṣasaṃśodhanārtham	kumārabharaṇadhātrīkṣīradoṣasaṃśodhanārthaṃ
SS.1.1	SS.1.1.8.5	K	grouped-minor	nasal-anusvara	ṃ	m	ha		upaśamakaraṇārthaṃ	upaśamakaraṇārtham
SS.1.1	SS.1.1.8.5	H	grouped-minor	nasal-anusvara	ṃ	m	ha		upaśamakaraṇārthaṃ	upaśamakaraṇārtham
SS.1.1	SS.1.1.9	N	grouped-minor	nasal-anusvara	m	ṃ	ki		kasmai kim	kasmai kiṃ
SS.1.1	SS.1.1.9	H	grouped-minor	nasal-anusvara	m	ṃ	ki		kasmai kim	kasmai kiṃ
SS.1.1	SS.1.1.10	H	grouped-minor	degemination	v		ar	va	sarvvam eva śalyajñānam	sarvam eva śalyajñānam
SS.1.1	SS.1.1.10	H	grouped-minor	nasal-anusvara	ṃ	ṅ	la	kṛ	alaṃkṛtvopadiśatu	alaṅkṛtvopadiśatu
SS.1.1	SS.1.1.12	N	grouped-minor	visarga	ḥ	r	cu		ta ūcuḥ	ta ūcur
SS.1.1	SS.1.1.12	N	grouped-minor	nasal-anusvara	ṃ		ṣā	m	sarveṣāṃm	sarveṣām
SS.1.1	SS.1.1.12	H	grouped-minor	degemination	v		ar	ve	sarvveṣām	sarveṣām
SS.1.1	SS.1.1.12	K	grouped-minor	other	y	i	at		prakṣyaty	prakṣyati
SS.1.1	SS.1.1.14-15	K	grouped-minor	visarga	s	ḥ	da		āyurvedas	āyurvedaḥ
SS.1.1	SS.1.1.14-15	N	grouped-minor	visarga	s	ḥ	da		āyurvedas	āyurvedaḥ
SS.1.1	SS.1.1.14-15	H	grouped-minor	degemination	v		rv	ed	āyurvvedas	āyurvedaḥ
SS.1.1	SS.1.1.14-15	H	grouped-minor	visarga	s	ḥ	da		āyurvvedas	āyurvedaḥ
SS.1.1	SS.1.1.17	H	grouped-minor	nasal-anusvara	m	ṃ	na		pradhānam	pradhānaṃ
SS.1.1	SS.1.1.17	H	grouped-minor	nasal-anusvara	m	ṃ	yā		aśvibhyām	aśvibhyāṃ
SS.1.1	SS.1.1.18	H	grouped-minor	degemination	v		ur	ve	cāyurvvedatantrāṇām	cāyurvedatantrāṇām
SS.1.1	SS.1.1.18	H	grouped-minor	degemination	v		rv	at	kriyākaraṇād yantraśastrakṣārāgnipraṇidhānāt sarvvatantrasāmānyāc ca	kriyākaraṇād yantraśastrakṣārāgnipraṇidhānāt sarvatantrasāmānyāc ca
SS.1.1	SS.1.1.19	H	grouped-minor	nasal-anusvara	m	ṃ	ta		śāśvatam	śāśvataṃ
SS.1.1	SS.1.1.19	H	grouped-minor	punctuation	 		ya	śa	ya śasyam	yaśasyam
SS.1.1	SS.1.1.21	K	grouped-minor	avagraha		'		sm	smi gāṃ	'smi gāṃ
SS.1.1	SS.1.1.22	H	grouped-minor	punctuation		 |	āl	 l	kasmāl lokadvaividhyāl loko hi	kasmāl | lokadvaividhyāl | loko hi
SS.1.1	SS.1.1.22	H	grouped-minor	punctuation		| 	l 	lo	kasmāl lokadvaividhyāl loko hi	kasmāl | lokadvaividhyāl | loko hi
SS.1.1	SS.1.1.22	K	editorial-surface	other	ās	aḥ	jñ		saṃsvedajādrijajarāyujāṇḍajasaṃjñās	saṃsvedajādrijajarāyujāṇḍajasaṃjñaḥ
SS.1.1	SS.1.1.22	H	editorial-surface	other	o h	ād	aj	ri	saṃsvedajo hridajarāyujāṇḍajasaṃjñās	saṃsvedajādrijajarāyujāṇḍajasaṃjñaḥ
SS.1.1	SS.1.1.22	H	editorial-surface	other	d	j	ri	aj	saṃsvedajo hridajarāyujāṇḍajasaṃjñās	saṃsvedajādrijajarāyujāṇḍajasaṃjñaḥ
SS.1.1	SS.1.1.22	H	editorial-surface	other	ās	aḥ	jñ		saṃsvedajo hridajarāyujāṇḍajasaṃjñās	saṃsvedajādrijajarāyujāṇḍajasaṃjñaḥ
SS.1.1	SS.1.1.22	K	grouped-minor	punctuation		 |	at	 t	anyat tasmāt puruṣo	anyat | tasmāt puruṣo
SS.1.1	SS.1.1.22	H	grouped-minor	punctuation		 |	at	 t	anyat tasmāt puruṣo	anyat | tasmāt puruṣo
SS.1.1	SS.1.1.30	N	grouped-minor	degemination	v		rv	id	caturvvidhā	caturvidhāḥ
SS.1.1	SS.1.1.30	N	grouped-minor	insertion		ḥ	hā		caturvvidhā	caturvidhāḥ
SS.1.1	SS.1.1.30	H	grouped-minor	degemination	p		rp	ās	khagasarīsṛpasarppās	khagasarīsṛpasarpās
SS.1.1	SS.1.1.30	K	grouped-minor	punctuation	 		mi	ku	kṛmi kuntha pipīlikā prabhṛtayaḥ	kṛmikunthapipīlikāprabhṛtayaḥ
SS.1.1	SS.1.1.30	K	grouped-minor	punctuation	 		ha	pi	kṛmi kuntha pipīlikā prabhṛtayaḥ	kṛmikunthapipīlikāprabhṛtayaḥ
SS.1.1	SS.1.1.30	K	grouped-minor	punctuation	 		kā	pr	kṛmi kuntha pipīlikā prabhṛtayaḥ	kṛmikunthapipīlikāprabhṛtayaḥ
SS.1.1	SS.1.1.31	H	grouped-minor	degemination	m		ar	ma	carmmaromanakharudhirādayaḥ	carmaromanakharudhirādayaḥ
SS.1.1	SS.1.1.32	K	grouped-minor	degemination	ṇ		ar	ṇa	suvarṇṇarajatādayaḥ	suvarṇarajatādayaḥ
SS.1.1	SS.1.1.32	N	grouped-minor	degemination	ṇ		ar	ṇa	suvarṇṇarajatādayaḥ	suvarṇarajatādayaḥ
SS.1.1	SS.1.1.32	H	grouped-minor	degemination	ṇ		ar	ṇa	suvarṇṇarajatādayaḥ	suvarṇarajatādayaḥ
SS.1.1	SS.1.1.34	N	grouped-minor	punctuation	 |		ti		bhavanti |	bhavanti
SS.1.1	SS.1.1.35	K	editorial-surface	punctuation	|	 	ra	| 	bhavanti cātra|| śārīrāṇāṃ	bhavanti cātra | śārīrāṇāṃ
SS.1.1	SS.1.1.35	N	grouped-minor	degemination	v		rv	id	caturvvidhaḥ	caturvidhaḥ
SS.1.1	SS.1.1.35	H	grouped-minor	degemination	v		rv	id	caturvvidhaḥ	caturvidhaḥ
SS.1.1	SS.1.1.38	N	grouped-minor	punctuation	| 		t 	sn	kriyāgrahaṇāt | snehādīni	kriyāgrahaṇāt snehādīni
SS.1.1	SS.1.1.40	H	editorial-surface	sibilant	s	ś	va	ād	arthavasād vibhajya uttare	arthavaśād vibhajya uttare
SS.1.2	SS.1.2.3	K	grouped-minor	punctuation	 		nu	ji	tanu jihvauṣṭha dantāgram	tanujihvauṣṭhadantāgram
SS.1.2	SS.1.2.3	K	grouped-minor	punctuation	 		ha	da	tanu jihvauṣṭha dantāgram	tanujihvauṣṭhadantāgram
SS.1.2	SS.1.2.3	N	grouped-minor	punctuation	 		nu	ji	tanu jihvauṣṭha dantāgram	tanujihvauṣṭhadantāgram
SS.1.2	SS.1.2.3	N	grouped-minor	punctuation	 		ha	da	tanu jihvauṣṭha dantāgram	tanujihvauṣṭhadantāgram
SS.1.2	SS.1.2.3	H	grouped-minor	punctuation	 		nu	ji	tanu jihvauṣṭha dantāgram	tanujihvauṣṭhadantāgram
SS.1.2	SS.1.2.3	H	grouped-minor	punctuation	 		ha	da	tanu jihvauṣṭha dantāgram	tanujihvauṣṭhadantāgram
SS.1.2	SS.1.2.3	N	grouped-minor	punctuation		 	et	| 	upanayet| sa hi	upanayet | sa hi
SS.1.2	SS.1.2.3	H	grouped-minor	punctuation		 	et	| 	upanayet| sa hi	upanayet | sa hi
SS.1.2	SS.1.2.3	N	grouped-minor	punctuation	||		to		ato||	ato
SS.1.2	SS.1.2.4	K	grouped-minor	nasal-anusvara	ṃ	m	ṇa		brāhmaṇaṃ	brāhmaṇam
SS.1.2	SS.1.2.4	H	grouped-minor	nasal-anusvara	ṃ	m	ṇa		brāhmaṇaṃ	brāhmaṇam
SS.1.2	SS.1.2.4	K	grouped-minor	punctuation		 |	āt	 p	juhuyāt pratidevatam	juhuyāt | pratidevatam
SS.1.2	SS.1.2.6	K	editorial-surface	nasal-anusvara	ṅ	ṃ	ha	ka	brūyāt | kāmakrodhalobhamohamānāhaṅkarerṣyāmātsaryaparuṣapaiśunyānṛtālasyātyayaśasyāni	brūyāt | kāmakrodhalobhamohamānāhaṃkārerṣyāmātsaryapārūṣyapaiśunyānṛtālasyāsyayaśasyāni
SS.1.2	SS.1.2.6	K	editorial-surface	vowel-length	a	ā	ṅk	re	brūyāt | kāmakrodhalobhamohamānāhaṅkarerṣyāmātsaryaparuṣapaiśunyānṛtālasyātyayaśasyāni	brūyāt | kāmakrodhalobhamohamānāhaṃkārerṣyāmātsaryapārūṣyapaiśunyānṛtālasyāsyayaśasyāni
SS.1.2	SS.1.2.6	K	editorial-surface	vowel-length	a	ā	ap	ru	brūyāt | kāmakrodhalobhamohamānāhaṅkarerṣyāmātsaryaparuṣapaiśunyānṛtālasyātyayaśasyāni	brūyāt | kāmakrodhalobhamohamānāhaṃkārerṣyāmātsaryapārūṣyapaiśunyānṛtālasyāsyayaśasyāni
SS.1.2	SS.1.2.6	K	editorial-surface	vowel-length	u	ū	ar	ṣa	brūyāt | kāmakrodhalobhamohamānāhaṅkarerṣyāmātsaryaparuṣapaiśunyānṛtālasyātyayaśasyāni	brūyāt | kāmakrodhalobhamohamānāhaṃkārerṣyāmātsaryapārūṣyapaiśunyānṛtālasyāsyayaśasyāni
SS.1.2	SS.1.2.6	K	editorial-surface	insertion		y	uṣ	ap	brūyāt | kāmakrodhalobhamohamānāhaṅkarerṣyāmātsaryaparuṣapaiśunyānṛtālasyātyayaśasyāni	brūyāt | kāmakrodhalobhamohamānāhaṃkārerṣyāmātsaryapārūṣyapaiśunyānṛtālasyāsyayaśasyāni
SS.1.2	SS.1.2.6	K	editorial-surface	other	t	s	yā	ya	brūyāt | kāmakrodhalobhamohamānāhaṅkarerṣyāmātsaryaparuṣapaiśunyānṛtālasyātyayaśasyāni	brūyāt | kāmakrodhalobhamohamānāhaṃkārerṣyāmātsaryapārūṣyapaiśunyānṛtālasyāsyayaśasyāni
SS.1.2	SS.1.2.6	N	editorial-surface	ba-va	v	b		rū	vrūyāt| kāmakrodhalobhamohamānāhaṃkārerṣyāmātsarya rūṣa paiśunyānṛtālasyāsyayaśasyāni	brūyāt | kāmakrodhalobhamohamānāhaṃkārerṣyāmātsaryapārūṣyapaiśunyānṛtālasyāsyayaśasyāni
SS.1.2	SS.1.2.6	N	editorial-surface	punctuation		 	āt	| 	vrūyāt| kāmakrodhalobhamohamānāhaṃkārerṣyāmātsarya rūṣa paiśunyānṛtālasyāsyayaśasyāni	brūyāt | kāmakrodhalobhamohamānāhaṃkārerṣyāmātsaryapārūṣyapaiśunyānṛtālasyāsyayaśasyāni
SS.1.2	SS.1.2.6	N	editorial-surface	other	 	pā	ya	rū	vrūyāt| kāmakrodhalobhamohamānāhaṃkārerṣyāmātsarya rūṣa paiśunyānṛtālasyāsyayaśasyāni	brūyāt | kāmakrodhalobhamohamānāhaṃkārerṣyāmātsaryapārūṣyapaiśunyānṛtālasyāsyayaśasyāni
SS.1.2	SS.1.2.6	N	editorial-surface	insertion		y	ūṣ	a 	vrūyāt| kāmakrodhalobhamohamānāhaṃkārerṣyāmātsarya rūṣa paiśunyānṛtālasyāsyayaśasyāni	brūyāt | kāmakrodhalobhamohamānāhaṃkārerṣyāmātsaryapārūṣyapaiśunyānṛtālasyāsyayaśasyāni
SS.1.2	SS.1.2.6	N	editorial-surface	punctuation	 		ṣa	pa	vrūyāt| kāmakrodhalobhamohamānāhaṃkārerṣyāmātsarya rūṣa paiśunyānṛtālasyāsyayaśasyāni	brūyāt | kāmakrodhalobhamohamānāhaṃkārerṣyāmātsaryapārūṣyapaiśunyānṛtālasyāsyayaśasyāni
SS.1.2	SS.1.2.6	H	editorial-surface	punctuation		 	āt	| 	brūyāt| kāmakrodhalobhamohamānāhaṃkārerṣyāmātsaryapāruṣya paiśunyānṛtālasyāyaśasyāni	brūyāt | kāmakrodhalobhamohamānāhaṃkārerṣyāmātsaryapārūṣyapaiśunyānṛtālasyāsyayaśasyāni
SS.1.2	SS.1.2.6	H	editorial-surface	vowel-length	u	ū	ār	ṣy	brūyāt| kāmakrodhalobhamohamānāhaṃkārerṣyāmātsaryapāruṣya paiśunyānṛtālasyāyaśasyāni	brūyāt | kāmakrodhalobhamohamānāhaṃkārerṣyāmātsaryapārūṣyapaiśunyānṛtālasyāsyayaśasyāni
SS.1.2	SS.1.2.6	H	editorial-surface	punctuation	 		ya	pa	brūyāt| kāmakrodhalobhamohamānāhaṃkārerṣyāmātsaryapāruṣya paiśunyānṛtālasyāyaśasyāni	brūyāt | kāmakrodhalobhamohamānāhaṃkārerṣyāmātsaryapārūṣyapaiśunyānṛtālasyāsyayaśasyāni
SS.1.2	SS.1.2.6	H	editorial-surface	other		sya	yā	ya	brūyāt| kāmakrodhalobhamohamānāhaṃkārerṣyāmātsaryapāruṣya paiśunyānṛtālasyāyaśasyāni	brūyāt | kāmakrodhalobhamohamānāhaṃkārerṣyāmātsaryapārūṣyapaiśunyānṛtālasyāsyayaśasyāni
SS.1.2	SS.1.2.6	K	grouped-minor	nasal-anusvara	m	ṃ	ya		prākāśyam	prākāśyaṃ
SS.1.2	SS.1.2.7	N	grouped-minor	punctuation		 	ag	va	samyagvarttamāne	samyag varttamāne
SS.1.2	SS.1.2.8	N	grouped-minor	punctuation	 		ra	dh	mitra dharma kāma yaśāṃsi	mitradharmakāmayaśāṃsi
SS.1.2	SS.1.2.8	N	grouped-minor	punctuation	 		ma	kā	mitra dharma kāma yaśāṃsi	mitradharmakāmayaśāṃsi
SS.1.2	SS.1.2.8	N	grouped-minor	punctuation	 		ma	ya	mitra dharma kāma yaśāṃsi	mitradharmakāmayaśāṃsi
SS.1.2	SS.1.2.9	N	grouped-minor	avagraha	'		ye		śuklādaye'	śuklādaye
SS.1.2	SS.1.2.10	N	grouped-minor	gemination		ṇ	āṇ	 ṇ	viprāṇ ṇādhīyate	viprāṇṇ ādhīyate
SS.1.2	SS.1.2.10	N	grouped-minor	nasal-anusvara	ṇ		ṇ 	ād	viprāṇ ṇādhīyate	viprāṇṇ ādhīyate
SS.1.13	SS.1.13.1	N	grouped-minor	nasal-anusvara	m	ṃ	ya		jalāyukādhyāyam	jalāyukādhyāyaṃ
SS.1.13	SS.1.13.3	H	grouped-minor	punctuation	 		ya	su	nṛpāḍhya sukumāra bāla sthavira bhīru nārīṇām	nṛpāḍhyasukumārabālasthavirabhīrunārīṇām
SS.1.13	SS.1.13.3	H	grouped-minor	punctuation	 		ra	bā	nṛpāḍhya sukumāra bāla sthavira bhīru nārīṇām	nṛpāḍhyasukumārabālasthavirabhīrunārīṇām
SS.1.13	SS.1.13.3	H	grouped-minor	punctuation	 		la	st	nṛpāḍhya sukumāra bāla sthavira bhīru nārīṇām	nṛpāḍhyasukumārabālasthavirabhīrunārīṇām
SS.1.13	SS.1.13.3	H	grouped-minor	punctuation	 		ra	bh	nṛpāḍhya sukumāra bāla sthavira bhīru nārīṇām	nṛpāḍhyasukumārabālasthavirabhīrunārīṇām
SS.1.13	SS.1.13.3	H	grouped-minor	punctuation	 		ru	nā	nṛpāḍhya sukumāra bāla sthavira bhīru nārīṇām	nṛpāḍhyasukumārabālasthavirabhīrunārīṇām
SS.1.13	SS.1.13.5	N	grouped-minor	nasal-anusvara	ṅ	ṃ	ra		samadhuraṅ	samadhuraṃ
SS.1.13	SS.1.13.8	H	grouped-minor	punctuation	 		nu	ba	tanu basti paṭalāvanaddhena	tanubastipaṭalāvanaddhena
SS.1.13	SS.1.13.8	H	grouped-minor	punctuation	 		ti	pa	tanu basti paṭalāvanaddhena	tanubastipaṭalāvanaddhena
SS.1.13	SS.1.13.8	H	editorial-surface	ba-va	v	b	lā	un	avasecayet | ācūṣaṇād antarddīptenālāvunā |	avasecayet | ācūṣaṇād antarddīptenālābunā
SS.1.13	SS.1.13.8	H	editorial-surface	punctuation	 |		nā		avasecayet | ācūṣaṇād antarddīptenālāvunā |	avasecayet | ācūṣaṇād antarddīptenālābunā
SS.1.13	SS.1.13.11	N	grouped-minor	gemination		d	rd	hv	indrāyudhavad ūrdhvarājī	indrāyudhavad ūrddhvarājī
SS.1.13	SS.1.13.11	N	grouped-minor	deletion	¦		pa	yo	pānālepanādiṣūpa¦yojyaḥ	pānālepanādiṣūpayojyaḥ
SS.1.13	SS.1.13.12	H	grouped-minor	degemination	v		ir	vi	nirvviṣāḥ	nirviṣāḥ
SS.1.13	SS.1.13.12	N	grouped-minor	punctuation	 		mu	kh	dīrghamu khī	dīrghamukhī
SS.1.13	SS.1.13.12	H	editorial-surface	punctuation		 	ma	| 	nāma| mūṣikākṛtivarṇṇāniṣṭagandhā	nāma | mūṣikākṛtivarṇṇāniṣṭagandhā
SS.1.13	SS.1.13.12	N	grouped-minor	nasal-anusvara	ṃ	ṅ	śā	gu	padmapatravarṇṇāṣṭādaśāṃgulapramāṇā	padmapatravarṇṇāṣṭādaśāṅgulapramāṇā
SS.1.13	SS.1.13.13	N	grouped-minor	punctuation	 		ya	po	yavanapāṇḍyasahya potanādīni	yavanapāṇḍyasahyapotanādīni
SS.1.13	SS.1.13.13	H	grouped-minor	punctuation	 		ya	po	yavanapāṇḍyasahya potanādīni	yavanapāṇḍyasahyapotanādīni
SS.1.13	SS.1.13.13	N	grouped-minor	nasal-anusvara	m	ṃ	sā		tāsām	tāsāṃ
SS.1.13	SS.1.13.14	H	grouped-minor	punctuation	 		ṣa	kī	saviṣa kīṭa darddura mūtra purīṣa kotha jātāḥ	saviṣakīṭadardduramūtrapurīṣakothajātāḥ
SS.1.13	SS.1.13.14	H	grouped-minor	punctuation	 		ṭa	da	saviṣa kīṭa darddura mūtra purīṣa kotha jātāḥ	saviṣakīṭadardduramūtrapurīṣakothajātāḥ
SS.1.13	SS.1.13.14	H	grouped-minor	punctuation	 		ra	mū	saviṣa kīṭa darddura mūtra purīṣa kotha jātāḥ	saviṣakīṭadardduramūtrapurīṣakothajātāḥ
SS.1.13	SS.1.13.14	H	grouped-minor	punctuation	 		ra	pu	saviṣa kīṭa darddura mūtra purīṣa kotha jātāḥ	saviṣakīṭadardduramūtrapurīṣakothajātāḥ
SS.1.13	SS.1.13.14	H	grouped-minor	punctuation	 		ṣa	ko	saviṣa kīṭa darddura mūtra purīṣa kotha jātāḥ	saviṣakīṭadardduramūtrapurīṣakothajātāḥ
SS.1.13	SS.1.13.14	H	grouped-minor	punctuation	 		ha	jā	saviṣa kīṭa darddura mūtra purīṣa kotha jātāḥ	saviṣakīṭadardduramūtrapurīṣakothajātāḥ
SS.1.13	SS.1.13.14	N	editorial-surface	insertion		t	mo	pa	padmopala kumuda saugandhika śaivāla kotha jātā	padmotpalakumudasaugandhikaśaivālakothajātā
SS.1.13	SS.1.13.14	N	editorial-surface	punctuation	 		la	ku	padmopala kumuda saugandhika śaivāla kotha jātā	padmotpalakumudasaugandhikaśaivālakothajātā
SS.1.13	SS.1.13.14	N	editorial-surface	punctuation	 		da	sa	padmopala kumuda saugandhika śaivāla kotha jātā	padmotpalakumudasaugandhikaśaivālakothajātā
SS.1.13	SS.1.13.14	N	editorial-surface	punctuation	 		ka	śa	padmopala kumuda saugandhika śaivāla kotha jātā	padmotpalakumudasaugandhikaśaivālakothajātā
SS.1.13	SS.1.13.14	N	editorial-surface	punctuation	 		la	ko	padmopala kumuda saugandhika śaivāla kotha jātā	padmotpalakumudasaugandhikaśaivālakothajātā
SS.1.13	SS.1.13.14	N	editorial-surface	punctuation	 		ha	jā	padmopala kumuda saugandhika śaivāla kotha jātā	padmotpalakumudasaugandhikaśaivālakothajātā
SS.1.13	SS.1.13.15	H	grouped-minor	nasal-anusvara	ṃ	ṅ	pa	ke	paṃkeśayāḥ	paṅkeśayāḥ
SS.1.13	SS.1.13.16	H	grouped-minor	degemination	m		ar	ma	ārdracarmmaṇānyair vvā	ārdracarmaṇānyair vā
SS.1.13	SS.1.13.16	H	grouped-minor	degemination	v		 v	ā	ārdracarmmaṇānyair vvā	ārdracarmaṇānyair vā
SS.1.13	SS.1.13.17	N	grouped-minor	nasal-anusvara	ṃ	ṅ	pa	kā	sarastaḍākodakapaṃkān āvāpya	sarastaḍākodakapaṅkān āvāpya
SS.1.13	SS.1.13.17	N	grouped-minor	nasal-anusvara	m	ṃ	la		upaharet | śevālam	upaharet | śevālaṃ
SS.1.13	SS.1.13.17	H	grouped-minor	other	m̐	ṃ	kā	ś 	odakām̐ś ca	odakāṃś ca
SS.1.13	SS.1.13.17	H	grouped-minor	other	m̐	ṃ	dā	ś	kandām̐ś	kandāṃś
SS.1.13	SS.1.13.17	N	grouped-minor	nasal-anusvara	ṃ	n	ta		jalabhaktaṃ	jalabhaktan
SS.1.13	SS.1.13.17	N	grouped-minor	nasal-anusvara	ṃ	m	ṭa		dadyāt | saptarātrāt saptarātrād ghaṭaṃ	dadyāt | saptarātrāt saptarātrād ghaṭam
SS.1.13	SS.1.13.19	N	grouped-minor	punctuation		| 	d 	at	syād atha	syād | atha
SS.1.13	SS.1.13.19	H	grouped-minor	punctuation		| 	d 	at	syād atha	syād | atha
SS.1.13	SS.1.13.19	N	grouped-minor	punctuation	 		nī	pr	sarṣaparajanī pradigdha gātryaḥ	sarṣaparajanīpradigdhagātryaḥ
SS.1.13	SS.1.13.19	N	grouped-minor	punctuation	 		ha	gā	sarṣaparajanī pradigdha gātryaḥ	sarṣaparajanīpradigdhagātryaḥ
SS.1.13	SS.1.13.19	H	grouped-minor	punctuation	 		nī	pr	sarṣaparajanī pradigdha gātryaḥ	sarṣaparajanīpradigdhagātryaḥ
SS.1.13	SS.1.13.19	H	grouped-minor	punctuation	 		ha	gā	sarṣaparajanī pradigdha gātryaḥ	sarṣaparajanīpradigdhagātryaḥ
SS.1.13	SS.1.13.19	N	grouped-minor	nasal-anusvara	ṃ	ñ	sa	cā	salilasarakamadhyasaṃcāriṇī	salilasarakamadhyasañcāriṇī
SS.1.13	SS.1.13.19	N	editorial-surface	nasal-anusvara		ṅ	ga		roga	rogaṅ
SS.1.13	SS.1.13.19	H	editorial-surface	punctuation	| 			ro	| rogaṅ	rogaṅ
SS.1.13	SS.1.13.19	N	grouped-minor	nasal-anusvara	ṃ	ṅ	yā		gṛhṇīyāt anyāṃ	gṛhṇīyāt anyāṅ
SS.1.13	SS.1.13.19	H	grouped-minor	punctuation	| 		t 	an	gṛhṇīyāt | anyāṅ	gṛhṇīyāt anyāṅ
SS.1.13	SS.1.13.20	N	editorial-surface	other	a	āṅ	nn		ārdraplotāvacchanna	ārdraplotāvacchannāṅ
SS.1.13	SS.1.13.20	H	editorial-surface	degemination	d		ār	dr	ārddraplotāvacchannaṅ	ārdraplotāvacchannāṅ
SS.1.13	SS.1.13.20	H	editorial-surface	vowel-length	a	ā	nn	ṅ	ārddraplotāvacchannaṅ	ārdraplotāvacchannāṅ
SS.1.13	SS.1.13.21	H	grouped-minor	punctuation		| 	i 	tā	ādadātīti tām	ādadātīti | tām
SS.1.13	SS.1.13.21	N	grouped-minor	punctuation		| 	t 	mu	muñcet mukham	muñcet | mukham
SS.1.13	SS.1.13.22	H	grouped-minor	punctuation	 		li	ta	śāli taṇḍula kāṇḍana praliptān	śālitaṇḍulakāṇḍanapraliptān
SS.1.13	SS.1.13.22	H	grouped-minor	punctuation	 		la	kā	śāli taṇḍula kāṇḍana praliptān	śālitaṇḍulakāṇḍanapraliptān
SS.1.13	SS.1.13.22	H	grouped-minor	punctuation	 		na	pr	śāli taṇḍula kāṇḍana praliptān	śālitaṇḍulakāṇḍanapraliptān
SS.1.13	SS.1.13.22	N	grouped-minor	nasal-anusvara	ṃ	n	hā		vāmahastagṛhītapucchāṃ	vāmahastagṛhītapucchān
SS.1.13	SS.1.13.22	N	grouped-minor	nasal-anusvara	ṃ	ṅ	tā	gu	dakṣiṇahastāṃguṣṭhāṃgulībhyāṃ	dakṣiṇahastāṅguṣṭhāṅgulībhyāṃ
SS.1.13	SS.1.13.22	N	grouped-minor	nasal-anusvara	ṃ	ṅ	hā	gu	dakṣiṇahastāṃguṣṭhāṃgulībhyāṃ	dakṣiṇahastāṅguṣṭhāṅgulībhyāṃ
SS.1.13	SS.1.13.22	H	grouped-minor	nasal-anusvara	ṃ	ṅ	tā	gu	dakṣiṇahastāṃguṣṭhāṃgulībhyāṃ	dakṣiṇahastāṅguṣṭhāṅgulībhyāṃ
SS.1.13	SS.1.13.22	H	grouped-minor	nasal-anusvara	ṃ	ṅ	hā	gu	dakṣiṇahastāṃguṣṭhāṃgulībhyāṃ	dakṣiṇahastāṅguṣṭhāṅgulībhyāṃ
SS.1.13	SS.1.13.22	N	grouped-minor	gemination		j	rj	ay	anulomamārjayann ā	anulomamārjjayann ā
SS.1.13	SS.1.13.22	N	editorial-surface	deletion	t		ur	vā	durtvāntā	durvāntā
SS.1.13	SS.1.13.22.1	N	grouped-minor	nasal-anusvara	n	ṃ	ya		toyan	toyaṃ
SS.1.13	SS.1.13.22.1	H	grouped-minor	nasal-anusvara	n	ṃ	ya		toyan	toyaṃ
SS.1.13	SS.1.13.22.1	K	editorial-surface	nasal-anusvara		n	i	da	idamadaḥ	indramadaḥ
SS.1.13	SS.1.13.22.1	K	editorial-surface	insertion		r	id	am	idamadaḥ	indramadaḥ
SS.1.13	SS.1.13.22.1	N	editorial-surface	insertion		i		n 	n idramadaḥ	indramadaḥ
SS.1.13	SS.1.13.22.1	N	editorial-surface	deletion	 i		n	dr	n idramadaḥ	indramadaḥ
SS.1.13	SS.1.13.22.1	H	editorial-surface	other	p	m	ra	ad	indrapadaḥ	indramadaḥ
SS.1.13	SS.1.13.23	H	grouped-minor	nasal-anusvara	m	ṃ	ha		jalaukāmukham	jalaukāmukhaṃ
SS.1.13	SS.1.13.23.1	H	editorial-surface	punctuation	 ||		ra		bhavataś cātra ||	bhavataś cātra
SS.1.13	SS.1.13.24	N	grouped-minor	gemination		t	rt	um	kartum	karttum
SS.1.14	SS.1.14.3	H	grouped-minor	degemination	v		ur	vi	caturvvidhasyāhārasya	caturvidhasyāhārasya
SS.1.14	SS.1.14.3	H	grouped-minor	degemination	d		rd	hv	anupraviśyorddhvagā	anupraviśyordhvagā
SS.1.14	SS.1.14.3	H	grouped-minor	degemination	d		ar	dh	varddhayati	vardhayati
SS.1.14	SS.1.14.6	N	editorial-surface	other	o	āṃ	iy		striyo	striyāṃ
SS.1.14	SS.1.14.6	H	grouped-minor	degemination	d		rd	ha	dvādaśād varddhate	dvādaśād vardhate
SS.1.14	SS.1.14.9	H	editorial-surface	nasal-anusvara		n	va	ti	bhavati cātra || viśratā	bhavanti cātra || visratā
SS.1.14	SS.1.14.9	H	editorial-surface	sibilant	ś	s	vi	ra	bhavati cātra || viśratā	bhavanti cātra || visratā
SS.1.14	SS.1.14.9	K	grouped-minor	sibilant	ś	s	ṇā		pṛthivyādiguṇāś	pṛthivyādiguṇās
SS.1.14	SS.1.14.9	H	grouped-minor	punctuation	 		di	gu	pṛthivyādi guṇās	pṛthivyādiguṇās
SS.1.14	SS.1.14.12	N	grouped-minor	deletion	¦		hā	re	āhā¦reṇa	āhāreṇa
SS.1.14	SS.1.14.12	N	grouped-minor	nasal-anusvara	ṃ	n	ya	tr	suyaṃtritaḥ	suyantritaḥ
SS.1.14	SS.1.14.13	H	grouped-minor	degemination	g			ga	ggacchatīti	gacchatīti
SS.1.14	SS.1.14.14	N	grouped-minor	nasal-anusvara	n	ṃ	vi	śa	pañcavinśati	pañcaviṃśati
SS.1.14	SS.1.14.14	K	editorial-surface	other	m	ś	lā	at	kalāmatāni |	kalāśatāni
SS.1.14	SS.1.14.14	K	editorial-surface	punctuation	 |		ni		kalāmatāni |	kalāśatāni
SS.1.14	SS.1.14.14	N	editorial-surface	other	m	ś	lā	at	kalāmatāni |	kalāśatāni
SS.1.14	SS.1.14.14	N	editorial-surface	punctuation	 |		ni		kalāmatāni |	kalāśatāni
SS.1.14	SS.1.14.15	K	grouped-minor	nasal-anusvara	ṅ	ṃ	sa	kh	saṅkhyā hy	saṃkhyā hy
SS.1.14	SS.1.14.16	K	editorial-surface	punctuation	 		ci	jā	sa śabdārci jāla santānavad aṇunā	sa śabdārcijālasantānavad aṇunā
SS.1.14	SS.1.14.16	K	editorial-surface	punctuation	 		la	sa	sa śabdārci jāla santānavad aṇunā	sa śabdārcijālasantānavad aṇunā
SS.1.14	SS.1.14.16	N	editorial-surface	sibilant	s	ś	a 	ab	sa sabdācci jala santānavad aṇunā	sa śabdārcijālasantānavad aṇunā
SS.1.14	SS.1.14.16	N	editorial-surface	other	c	r	dā	ci	sa sabdācci jala santānavad aṇunā	sa śabdārcijālasantānavad aṇunā
SS.1.14	SS.1.14.16	N	editorial-surface	punctuation	 		ci	ja	sa sabdācci jala santānavad aṇunā	sa śabdārcijālasantānavad aṇunā
SS.1.14	SS.1.14.16	N	editorial-surface	vowel-length	a	ā	 j	la	sa sabdācci jala santānavad aṇunā	sa śabdārcijālasantānavad aṇunā
SS.1.14	SS.1.14.16	N	editorial-surface	punctuation	 		la	sa	sa sabdācci jala santānavad aṇunā	sa śabdārcijālasantānavad aṇunā
SS.1.14	SS.1.14.16	H	editorial-surface	degemination	c		rc	i 	sa śabdārcci jala santānavad anunā	sa śabdārcijālasantānavad aṇunā
SS.1.14	SS.1.14.16	H	editorial-surface	punctuation	 		ci	ja	sa śabdārcci jala santānavad anunā	sa śabdārcijālasantānavad aṇunā
SS.1.14	SS.1.14.16	H	editorial-surface	vowel-length	a	ā	 j	la	sa śabdārcci jala santānavad anunā	sa śabdārcijālasantānavad aṇunā
SS.1.14	SS.1.14.16	H	editorial-surface	punctuation	 		la	sa	sa śabdārcci jala santānavad anunā	sa śabdārcijālasantānavad aṇunā
SS.1.14	SS.1.14.16	H	editorial-surface	nasal-anusvara	n	ṇ	 a	un	sa śabdārcci jala santānavad anunā	sa śabdārcijālasantānavad aṇunā
SS.1.14	SS.1.14.18	K	grouped-minor	nasal-anusvara	ṃ	m	tā		satāṃ	satām
SS.1.14	SS.1.14.18	K	grouped-minor	punctuation	 		aḥ	pa	vayaḥ pariṇāmāc śukraprādurbhāvo	vayaḥpariṇāmāc chukraprādurbhāvo
SS.1.14	SS.1.14.18	K	grouped-minor	other	ś	ch	c 	uk	vayaḥ pariṇāmāc śukraprādurbhāvo	vayaḥpariṇāmāc chukraprādurbhāvo
SS.1.14	SS.1.14.19	N	grouped-minor	nasal-anusvara	m	ṃ	nā		'bhivṛddhānām	'bhivṛddhānāṃ
SS.1.14	SS.1.14.21	H	grouped-minor	nasal-anusvara	ṅ	ṃ	ṇa		aruṇaṅ	aruṇaṃ
SS.1.14	SS.1.14.21	K	grouped-minor	nasal-anusvara	ṃ	n	ṣa		paruṣaṃ	paruṣan
SS.1.14	SS.1.14.21	N	grouped-minor	nasal-anusvara	m	ṃ	ta		śītam	śītaṃ
SS.1.14	SS.1.14.21	K	editorial-surface	sibilant	ś	s	vi	rā	viśrāvi	visrāvi
SS.1.14	SS.1.14.21	N	editorial-surface	sibilant	ś	s	vi	rā	viśrāvi	visrāvi
SS.1.14	SS.1.14.21	H	editorial-surface	sibilant	ś	s	vi	rā	viśrāvi	visrāvi
SS.1.14	SS.1.14.21	K	grouped-minor	nasal-anusvara	ṃ	ñ	ha	 c	māṃsapeśīsamaprabhaṃ ca	māṃsapeśīsamaprabhañ ca
SS.1.14	SS.1.14.21	H	grouped-minor	nasal-anusvara	ṃ	ṅ	li	ga	dvidoṣaliṃgasaṃsṛṣṭaṃ	dvidoṣaliṅgasaṃsṛṣṭaṃ
SS.1.14	SS.1.14.26a	N	grouped-minor	punctuation	 		ya	ba	hṛdaya basti guda nābhi kakṣyavaṅkṣaṇākṣi kūṭapāṇi pādatalāṃś ca	hṛdayabastigudanābhikakṣyavaṅkṣaṇākṣikūṭapāṇipādatalāṃś ca
SS.1.14	SS.1.14.26a	N	grouped-minor	punctuation	 		ti	gu	hṛdaya basti guda nābhi kakṣyavaṅkṣaṇākṣi kūṭapāṇi pādatalāṃś ca	hṛdayabastigudanābhikakṣyavaṅkṣaṇākṣikūṭapāṇipādatalāṃś ca
SS.1.14	SS.1.14.26a	N	grouped-minor	punctuation	 		da	nā	hṛdaya basti guda nābhi kakṣyavaṅkṣaṇākṣi kūṭapāṇi pādatalāṃś ca	hṛdayabastigudanābhikakṣyavaṅkṣaṇākṣikūṭapāṇipādatalāṃś ca
SS.1.14	SS.1.14.26a	N	grouped-minor	punctuation	 		hi	ka	hṛdaya basti guda nābhi kakṣyavaṅkṣaṇākṣi kūṭapāṇi pādatalāṃś ca	hṛdayabastigudanābhikakṣyavaṅkṣaṇākṣikūṭapāṇipādatalāṃś ca
SS.1.14	SS.1.14.26a	N	grouped-minor	punctuation	 		ṣi	kū	hṛdaya basti guda nābhi kakṣyavaṅkṣaṇākṣi kūṭapāṇi pādatalāṃś ca	hṛdayabastigudanābhikakṣyavaṅkṣaṇākṣikūṭapāṇipādatalāṃś ca
SS.1.14	SS.1.14.26a	N	grouped-minor	punctuation	 		ṇi	pā	hṛdaya basti guda nābhi kakṣyavaṅkṣaṇākṣi kūṭapāṇi pādatalāṃś ca	hṛdayabastigudanābhikakṣyavaṅkṣaṇākṣikūṭapāṇipādatalāṃś ca
SS.1.14	SS.1.14.27	H	grouped-minor	degemination	v		ur	vi	durvviddhe	durviddhe
SS.1.14	SS.1.14.27	K	grouped-minor	nasal-anusvara	ṃ	n	ta	 n	skannatvāc choṇitaṃ na	skannatvāc choṇitan na
SS.1.14	SS.1.14.28	K	grouped-minor	punctuation	|| 			vā	|| vāta viṅ mūtrasaṃgeṣu	vātaviṇmūtrasaṃgeṣu
SS.1.14	SS.1.14.28	K	grouped-minor	punctuation	 		ta	vi	|| vāta viṅ mūtrasaṃgeṣu	vātaviṇmūtrasaṃgeṣu
SS.1.14	SS.1.14.28	K	grouped-minor	nasal-anusvara	ṅ 	ṇ	vi	mū	|| vāta viṅ mūtrasaṃgeṣu	vātaviṇmūtrasaṃgeṣu
SS.1.14	SS.1.14.28	K	grouped-minor	punctuation	 		ta	vi	vāta viṅ mūtrasaṃgeṣu	vātaviṇmūtrasaṃgeṣu
SS.1.14	SS.1.14.28	K	grouped-minor	nasal-anusvara	ṅ 	ṇ	vi	mū	vāta viṅ mūtrasaṃgeṣu	vātaviṇmūtrasaṃgeṣu
SS.1.14	SS.1.14.29	H	grouped-minor	nasal-anusvara	ṅ	ṃ	hi		vyādhivṛddhiṅ	vyādhivṛddhiṃ
SS.1.14	SS.1.14.30	N	grouped-minor	punctuation	 		kā	kā	hikkā kāsaṃ	hikkākāsaṃ
SS.1.14	SS.1.14.32	H	grouped-minor	nasal-anusvara	ṃ	m	va		evaṃ	evam
SS.1.14	SS.1.14.34	K	grouped-minor	punctuation	 |		ye		śoṇitajāś ca ye |	śoṇitajāś ca ye
SS.1.14	SS.1.14.35	H	grouped-minor	punctuation		 	aḥ	ku	elāśītaśivaḥkuṣṭhatagarapāṭhābhadradāruviḍaṃgacitrakatrikaṭukāgāradhūmaharidrārkāṅkuranaktamālaphalair	elāśītaśivaḥ kuṣṭhatagarapāṭhābhadradāruviḍaṃgacitrakatrikaṭukāgāradhūmaharidrārkkāṃkuranaktamālaphalair
SS.1.14	SS.1.14.35	H	grouped-minor	gemination		k	rk	āṅ	elāśītaśivaḥkuṣṭhatagarapāṭhābhadradāruviḍaṃgacitrakatrikaṭukāgāradhūmaharidrārkāṅkuranaktamālaphalair	elāśītaśivaḥ kuṣṭhatagarapāṭhābhadradāruviḍaṃgacitrakatrikaṭukāgāradhūmaharidrārkkāṃkuranaktamālaphalair
SS.1.14	SS.1.14.35	H	grouped-minor	nasal-anusvara	ṅ	ṃ	kā	ku	elāśītaśivaḥkuṣṭhatagarapāṭhābhadradāruviḍaṃgacitrakatrikaṭukāgāradhūmaharidrārkāṅkuranaktamālaphalair	elāśītaśivaḥ kuṣṭhatagarapāṭhābhadradāruviḍaṃgacitrakatrikaṭukāgāradhūmaharidrārkkāṃkuranaktamālaphalair
SS.1.14	SS.1.14.35	H	grouped-minor	degemination	v			vr	vvraṇamukham	vraṇamukham
SS.1.14	SS.1.14.35	N	editorial-surface	other	d	h	va	at	vadati ||	vahati
SS.1.14	SS.1.14.35	N	editorial-surface	punctuation	 ||		ti		vadati ||	vahati
SS.1.14	SS.1.14.36	K	grouped-minor	nasal-anusvara	ṃ	ṅ	śa	kh	lodhramadhukapriyaṅgupattāṅgagairikarasāñjanaśaṃkhaśuktiyavamāṣagodhūmasarjarasacūrṇṇair	lodhramadhukapriyaṅgupattāṅgagairikarasāñjanaśaṅkhaśuktiyavamāṣagodhūmasarjarasacūrṇṇair
SS.1.14	SS.1.14.36	H	grouped-minor	degemination	j		rj	ar	lodhramadhukapriyaṅgupattāṅgagairikarasāñjanaśaṅkhaśuktiyavamāṣagodhūmasarjjarasacūrṇṇair	lodhramadhukapriyaṅgupattāṅgagairikarasāñjanaśaṅkhaśuktiyavamāṣagodhūmasarjarasacūrṇṇair
SS.1.14	SS.1.14.36	K	editorial-surface	insertion		y	ṇṇ	āṅ	avacūrṇṇāṅgulyagreṇāvapīḍayet | sālasarjārjunārimedagranthidhavadhanvanatvagbhi vā	avacūrṇṇyāṅgulyagreṇāvapīḍayet | sālasarjarjunārimedagranthidhavadhanvanatvagbhir vā
SS.1.14	SS.1.14.36	K	editorial-surface	vowel-length	ā	a	rj	rj	avacūrṇṇāṅgulyagreṇāvapīḍayet | sālasarjārjunārimedagranthidhavadhanvanatvagbhi vā	avacūrṇṇyāṅgulyagreṇāvapīḍayet | sālasarjarjunārimedagranthidhavadhanvanatvagbhir vā
SS.1.14	SS.1.14.36	K	editorial-surface	insertion		r	hi	 v	avacūrṇṇāṅgulyagreṇāvapīḍayet | sālasarjārjunārimedagranthidhavadhanvanatvagbhi vā	avacūrṇṇyāṅgulyagreṇāvapīḍayet | sālasarjarjunārimedagranthidhavadhanvanatvagbhir vā
SS.1.14	SS.1.14.36	N	editorial-surface	insertion		y	ṇṇ	āṅ	avacūrṇṇāṅgulyagreṇāvapīḍayet || sālasarjarjunārimedagranthidhavadhanvanatvagbhir vā	avacūrṇṇyāṅgulyagreṇāvapīḍayet | sālasarjarjunārimedagranthidhavadhanvanatvagbhir vā
SS.1.14	SS.1.14.36	N	editorial-surface	punctuation	|		t 	| 	avacūrṇṇāṅgulyagreṇāvapīḍayet || sālasarjarjunārimedagranthidhavadhanvanatvagbhir vā	avacūrṇṇyāṅgulyagreṇāvapīḍayet | sālasarjarjunārimedagranthidhavadhanvanatvagbhir vā
SS.1.14	SS.1.14.36	H	grouped-minor	punctuation	 		va	dh	va dhyāsitena	vadhyāsitena
SS.1.14	SS.1.14.36	H	grouped-minor	degemination	b			ba	bbandhanadravyair	bandhanadravyair
SS.1.14	SS.1.14.36	N	grouped-minor	nasal-anusvara	ṅ	ṃ	ta		dahed yathoktaṅ	dahed yathoktaṃ
SS.1.14	SS.1.14.36	H	grouped-minor	nasal-anusvara	ṅ	ṃ	ta		dahed yathoktaṅ	dahed yathoktaṃ
SS.1.14	SS.1.14.36	N	grouped-minor	nasal-anusvara	m	ṃ	ha	 v	kākolyādikvātham vā	kākolyādikvāthaṃ vā
SS.1.14	SS.1.14.36	H	grouped-minor	degemination	k		ar	ka	śarkkarāmadhumadhuraṃ	śarkarāmadhumadhuraṃ
SS.1.14	SS.1.14.36	K	editorial-surface	other	c	y	pā	ay	pācayet | eṇahariṇor abhraṃ mahiṣaśaśavarāhāṃṇāṃ vā	pāyayet | eṇahariṇorabhraṃmahiṣaśaśavarāhāṇāṃ vā
SS.1.14	SS.1.14.36	K	editorial-surface	punctuation	 		or	ab	pācayet | eṇahariṇor abhraṃ mahiṣaśaśavarāhāṃṇāṃ vā	pāyayet | eṇahariṇorabhraṃmahiṣaśaśavarāhāṇāṃ vā
SS.1.14	SS.1.14.36	K	editorial-surface	punctuation	 		aṃ	ma	pācayet | eṇahariṇor abhraṃ mahiṣaśaśavarāhāṃṇāṃ vā	pāyayet | eṇahariṇorabhraṃmahiṣaśaśavarāhāṇāṃ vā
SS.1.14	SS.1.14.36	K	editorial-surface	nasal-anusvara	ṃ		hā	ṇā	pācayet | eṇahariṇor abhraṃ mahiṣaśaśavarāhāṃṇāṃ vā	pāyayet | eṇahariṇorabhraṃmahiṣaśaśavarāhāṇāṃ vā
SS.1.14	SS.1.14.36	N	editorial-surface	nasal-anusvara		ṃ	ra	ma	pāyayet | eṇahariṇorabhramahiṣaśaśavarāhānāṃ vā	pāyayet | eṇahariṇorabhraṃmahiṣaśaśavarāhāṇāṃ vā
SS.1.14	SS.1.14.36	N	editorial-surface	nasal-anusvara	n	ṇ	hā	āṃ	pāyayet | eṇahariṇorabhramahiṣaśaśavarāhānāṃ vā	pāyayet | eṇahariṇorabhraṃmahiṣaśaśavarāhāṇāṃ vā
SS.1.14	SS.1.14.36	H	editorial-surface	punctuation		 |	et	 e	pāyayet eṇahariṇorabhramahiṣaśaśavarāhāṇāṃ vā	pāyayet | eṇahariṇorabhraṃmahiṣaśaśavarāhāṇāṃ vā
SS.1.14	SS.1.14.36	H	editorial-surface	nasal-anusvara		ṃ	ra	ma	pāyayet eṇahariṇorabhramahiṣaśaśavarāhāṇāṃ vā	pāyayet | eṇahariṇorabhraṃmahiṣaśaśavarāhāṇāṃ vā
SS.1.14	SS.1.14.38	K	editorial-surface	punctuation	 		ad	am	īṣad amlair	īṣadamblair
SS.1.14	SS.1.14.38	K	editorial-surface	ba-va		b	am	la	īṣad amlair	īṣadamblair
SS.1.14	SS.1.14.38	N	editorial-surface	punctuation	 		ad	ab	īṣad ablair	īṣadamblair
SS.1.14	SS.1.14.38	N	editorial-surface	nasal-anusvara		m	 a	bl	īṣad ablair	īṣadamblair
SS.1.14	SS.1.14.38	N	editorial-surface	nasal-anusvara		m	na	bl	anablair vā	anamblair vā
SS.1.14	SS.1.14.40	H	grouped-minor	nasal-anusvara	ṃ	ṅ	sa	ko	saṃkocayet sirāṃ	saṅkocayet sirāṃ
SS.1.14	SS.1.14.41	K	grouped-minor	deletion	ḥ		ai	r	prayojayet | sandhānaiḥr	prayojayet | sandhānair
SS.1.14	SS.1.14.42	K	grouped-minor	punctuation	 |		iḥ		yathāvidhiḥ |	yathāvidhiḥ
SS.1.14	SS.1.14.42	N	grouped-minor	punctuation	 |		iḥ		yathāvidhiḥ |	yathāvidhiḥ
SS.1.14	SS.1.14.42	K	grouped-minor	punctuation	 		ha	pa	dāha parama	dāhaparama
SS.1.14	SS.1.14.42	N	grouped-minor	punctuation	 		ha	pa	dāha parama	dāhaparama
SS.1.16	SS.1.16.3	N	grouped-minor	punctuation		| 	t 	ta	vyadhayet tau	vyadhayet | tau
SS.1.16	SS.1.16.3	K	editorial-surface	other	ko 			ku	ko kumāram	kumāram
SS.1.16	SS.1.16.3	N	editorial-surface	nasal-anusvara		m	ra		kumāra	kumāram
SS.1.16	SS.1.16.3	H	editorial-surface	other		ram	mā		kumā	kumāram
SS.1.16	SS.1.16.3	K	grouped-minor	other	aḥ	o	ān		upaveśyābhisāntvayamānaḥ	upaveśyābhisāntvayamāno
SS.1.16	SS.1.16.3	K	grouped-minor	gemination		v	rv	an	vidhyet | pūrvan	vidhyet | pūrvvan
SS.1.16	SS.1.16.3	N	grouped-minor	gemination		v	rv	an	vidhyet | pūrvan	vidhyet | pūrvvan
SS.1.16	SS.1.16.4	H	grouped-minor	nasal-anusvara	ṃ	m	ga		taddeśaviddhaliṅgaṃ	taddeśaviddhaliṅgam
SS.1.16	SS.1.16.6	H	grouped-minor	punctuation	 		va	ma	yava madhuka mañjiṣṭhā gandharvva hasta mūlair	yavamadhukamañjiṣṭhāgandharvvahastamūlair
SS.1.16	SS.1.16.6	H	grouped-minor	punctuation	 		ka	ma	yava madhuka mañjiṣṭhā gandharvva hasta mūlair	yavamadhukamañjiṣṭhāgandharvvahastamūlair
SS.1.16	SS.1.16.6	H	grouped-minor	punctuation	 		hā	ga	yava madhuka mañjiṣṭhā gandharvva hasta mūlair	yavamadhukamañjiṣṭhāgandharvvahastamūlair
SS.1.16	SS.1.16.6	H	grouped-minor	punctuation	 		va	ha	yava madhuka mañjiṣṭhā gandharvva hasta mūlair	yavamadhukamañjiṣṭhāgandharvvahastamūlair
SS.1.16	SS.1.16.6	H	grouped-minor	punctuation	 		ta	mū	yava madhuka mañjiṣṭhā gandharvva hasta mūlair	yavamadhukamañjiṣṭhāgandharvvahastamūlair
SS.1.16	SS.1.16.6	N	grouped-minor	nasal-anusvara	ṃ	ñ	ha		ālepayet | surūḍhaṃ	ālepayet | surūḍhañ
SS.1.16	SS.1.16.6	N	grouped-minor	gemination		v		vi	vidhyet	vvidhyet
SS.1.16	SS.1.16.7	H	grouped-minor	nasal-anusvara	ṅ	ṃ	rī		sthūlatarīṅ	sthūlatarīṃ
SS.1.16	SS.1.16.8	N	editorial-surface	other	 	ghu	la	pr	la pravardhanakā	laghupravarddhanakam
SS.1.16	SS.1.16.8	N	editorial-surface	gemination		d	rd	ha	la pravardhanakā	laghupravarddhanakam
SS.1.16	SS.1.16.8	N	editorial-surface	other	ā	am	ak		la pravardhanakā	laghupravarddhanakam
SS.1.16	SS.1.16.8	H	editorial-surface	other	ā	am	ak		laghupravarddhanakā	laghupravarddhanakam
SS.1.16	SS.1.16.8	N	editorial-surface	other	mo 	ā		mu	mo muñcet |	āmuñcet
SS.1.16	SS.1.16.8	N	editorial-surface	punctuation	 |		et		mo muñcet |	āmuñcet
SS.1.16	SS.1.16.8	H	editorial-surface	nasal-anusvara	m			ā 	mā muṃcet |	āmuñcet
SS.1.16	SS.1.16.8	H	editorial-surface	punctuation	 		mā	mu	mā muṃcet |	āmuñcet
SS.1.16	SS.1.16.8	H	editorial-surface	nasal-anusvara	ṃ	ñ	mu	ce	mā muṃcet |	āmuñcet
SS.1.16	SS.1.16.8	H	editorial-surface	punctuation	 |		et		mā muṃcet |	āmuñcet
SS.1.16	SS.1.16.9	H	grouped-minor	nasal-anusvara	ṃ	m	ṇā		nṛṇāṃ	nṛṇām
SS.1.16	SS.1.16.10	N	grouped-minor	gemination		g		ga	gaṇḍakarṇṇakaḥ	ggaṇḍakarṇṇakaḥ
SS.1.16	SS.1.16.10	N	grouped-minor	avagraha		'		py	py	'py
SS.1.16	SS.1.16.10	H	grouped-minor	degemination	n			ni	nnirvvedhimaḥ	nirvvedhimaḥ
SS.1.16	SS.1.16.10	N	editorial-surface	other	v	p	ka	āp	cārddhakavāpasandhikaḥ |	cārddhakapāṭasandhikaḥ
SS.1.16	SS.1.16.10	N	editorial-surface	other	p	ṭ	vā	as	cārddhakavāpasandhikaḥ |	cārddhakapāṭasandhikaḥ
SS.1.16	SS.1.16.10	N	editorial-surface	punctuation	 |		aḥ		cārddhakavāpasandhikaḥ |	cārddhakapāṭasandhikaḥ
SS.1.16	SS.1.16.10	H	editorial-surface	other	v	c		ār	vārddhakavāṭasandhikaḥ |	cārddhakapāṭasandhikaḥ
SS.1.16	SS.1.16.10	H	editorial-surface	other	v	p	ka	āṭ	vārddhakavāṭasandhikaḥ |	cārddhakapāṭasandhikaḥ
SS.1.16	SS.1.16.10	H	editorial-surface	punctuation	 |		aḥ		vārddhakavāṭasandhikaḥ |	cārddhakapāṭasandhikaḥ
SS.1.16	SS.1.16.10	N	editorial-surface	ba-va	v	b		an	vandhyā	bandhyā
SS.1.16	SS.1.16.10	H	editorial-surface	ba-va	v	b		an	vandhyā	bandhyā
SS.1.16	SS.1.16.10	N	grouped-minor	nasal-anusvara	n	ṃ	mā	sa	granthitamānsaḥ	granthitamāṃsaḥ
SS.1.16	SS.1.16.10	H	grouped-minor	nasal-anusvara	n	ṃ	mā	sa	granthitamānsaḥ	granthitamāṃsaḥ
SS.1.16	SS.1.16.10	N	grouped-minor	visarga	ḥ	r	li		stabdhasirātatasūkṣmapāliḥ	stabdhasirātatasūkṣmapālir
SS.1.16	SS.1.16.10	H	grouped-minor	visarga	ḥ	r	li		stabdhasirātatasūkṣmapāliḥ	stabdhasirātatasūkṣmapālir
SS.1.16	SS.1.16.10	H	grouped-minor	nasal-anusvara	n	ṃ	mā	sa	nirmmānsasaṃkṣiptāgrālpaśoṇitapāliḥ	nirmmāṃsasaṃkṣiptāgrālpaśoṇitapāliḥ
SS.1.16	SS.1.16.10	N	editorial-surface	punctuation	 		ha	pā	dāha pāka srāva sopha yuktā na	dāhapākasrāvaśophayuktā na
SS.1.16	SS.1.16.10	N	editorial-surface	punctuation	 		ka	sr	dāha pāka srāva sopha yuktā na	dāhapākasrāvaśophayuktā na
SS.1.16	SS.1.16.10	N	editorial-surface	sibilant	 s	ś	va	op	dāha pāka srāva sopha yuktā na	dāhapākasrāvaśophayuktā na
SS.1.16	SS.1.16.10	N	editorial-surface	punctuation	 		ha	yu	dāha pāka srāva sopha yuktā na	dāhapākasrāvaśophayuktā na
SS.1.16	SS.1.16.10	H	editorial-surface	punctuation	 		ha	pā	dāha pāka śrāva śopha yuktā na	dāhapākasrāvaśophayuktā na
SS.1.16	SS.1.16.10	H	editorial-surface	sibilant	 ś	s	ka	rā	dāha pāka śrāva śopha yuktā na	dāhapākasrāvaśophayuktā na
SS.1.16	SS.1.16.10	H	editorial-surface	punctuation	 		va	śo	dāha pāka śrāva śopha yuktā na	dāhapākasrāvaśophayuktā na
SS.1.16	SS.1.16.10	H	editorial-surface	punctuation	 		ha	yu	dāha pāka śrāva śopha yuktā na	dāhapākasrāvaśophayuktā na
SS.1.16	SS.1.16.15	N	editorial-surface	other	to 	'		ny	to nyatamasya	'nyatamasya
SS.1.16	SS.1.16.15	H	editorial-surface	avagraha		'		ny	nyatamasya	'nyatamasya
SS.1.16	SS.1.16.15	N	editorial-surface	ba-va	v	b		an	vandhān upadhārya	bandhān upadhārya
SS.1.16	SS.1.16.15	H	editorial-surface	other	p	dh	pa	ād	bandhān upapādya	bandhān upadhārya
SS.1.16	SS.1.16.15	H	editorial-surface	other	d	r	pā	ya	bandhān upapādya	bandhān upadhārya
SS.1.16	SS.1.16.15	N	grouped-minor	degemination	c			ch	cchedyabhedyalekhyavyadhanair	chedyabhedyalekhyavyadhanair
SS.1.16	SS.1.16.15	H	grouped-minor	degemination	c			ch	cchedyabhedyalekhyavyadhanair	chedyabhedyalekhyavyadhanair
SS.1.16	SS.1.16.15	H	grouped-minor	nasal-anusvara	ñ	m	ṭa		aduṣṭañ	aduṣṭam
SS.1.16	SS.1.16.15	N	grouped-minor	gemination		ṇ	rṇ	am	karṇam	karṇṇam
SS.1.16	SS.1.16.15	N	grouped-minor	nasal-anusvara	ṃ	n	ha		nātigāḍhaṃ	nātigāḍhan
SS.1.16	SS.1.16.17	H	editorial-surface	avagraha		'		rū	rūḍho	'rūḍho
SS.1.16	SS.1.16.17	N	editorial-surface	avagraha		'		ru	ruḍho	'rūḍho
SS.1.16	SS.1.16.17	N	editorial-surface	vowel-length	u	ū	r	ḍh	ruḍho	'rūḍho
SS.1.16	SS.1.16.17	N	editorial-surface	other		na	ṭa	vā	paripuṭavām bhavati |	paripuṭanavān bhavati
SS.1.16	SS.1.16.17	N	editorial-surface	nasal-anusvara	m	n	vā	 b	paripuṭavām bhavati |	paripuṭanavān bhavati
SS.1.16	SS.1.16.17	N	editorial-surface	punctuation	 |		ti		paripuṭavām bhavati |	paripuṭanavān bhavati
SS.1.16	SS.1.16.17	H	editorial-surface	nasal-anusvara	m	n	vā	 b	paripuṭanavām bhavati |	paripuṭanavān bhavati
SS.1.16	SS.1.16.17	H	editorial-surface	punctuation	 |		ti		paripuṭanavām bhavati |	paripuṭanavān bhavati
SS.1.16	SS.1.16.17	N	grouped-minor	punctuation	 |		ān	 a	kaṇḍūmān | atipravṛttasrāvaḥ	kaṇḍūmān atipravṛttasrāvaḥ
SS.1.16	SS.1.16.17	H	grouped-minor	punctuation	 |		ān	 k	śophavān | kṣīṇālpamāṃso na	śophavān kṣīṇālpamāṃso na
SS.1.16	SS.1.16.18	N	grouped-minor	gemination		ṇ	rṇ	o	karṇo	karṇṇo
SS.1.16	SS.1.16.18	H	editorial-surface	nasal-anusvara	m	n	vā	 b	saṃrambhadāhapākavedanāvām bhavati |	saṃrambhadāhapākavedanāvān bhavati
SS.1.16	SS.1.16.18	H	editorial-surface	punctuation	 |		ti		saṃrambhadāhapākavedanāvām bhavati |	saṃrambhadāhapākavedanāvān bhavati
SS.1.16	SS.1.16.19	N	editorial-surface	other	v	bh	yā	iv	athāpraduṣṭasyāvivardhanārtham	athāpraduṣṭasyābhivarddhanārtham
SS.1.16	SS.1.16.19	N	editorial-surface	gemination		d	ar	dh	athāpraduṣṭasyāvivardhanārtham	athāpraduṣṭasyābhivarddhanārtham
SS.1.16	SS.1.16.19	H	grouped-minor	degemination	k		rk	āl	saṃbhṛtyārkkālarkkabalātibalānantāvidārīmadhukajalaśūkaprativāpan	saṃbhṛtyārkālarkabalātibalānantāvidārīmadhukajalaśūkaprativāpan
SS.1.16	SS.1.16.19	H	grouped-minor	degemination	k		ar	ka	saṃbhṛtyārkkālarkkabalātibalānantāvidārīmadhukajalaśūkaprativāpan	saṃbhṛtyārkālarkabalātibalānantāvidārīmadhukajalaśūkaprativāpan
SS.1.16	SS.1.16.19	N	grouped-minor	nasal-anusvara	ṃ	m	la		tailaṃ	tailam
SS.1.16	SS.1.16.23	N	editorial-surface	ba-va	v	b	 a	ar	tv avarhi	tv abahiḥ
SS.1.16	SS.1.16.23	N	editorial-surface	deletion	r		va	hi	tv avarhi	tv abahiḥ
SS.1.16	SS.1.16.23	N	editorial-surface	insertion		ḥ	hi		tv avarhi	tv abahiḥ
SS.1.16	SS.1.16.23	H	editorial-surface	ba-va	v	b	 a	ah	tv avahiḥ	tv abahiḥ
SS.1.16	SS.1.16.25	N	editorial-surface	avagraha		'		ve	vedano yas tu ta	'vedano yas tu taṃ
SS.1.16	SS.1.16.25	N	editorial-surface	nasal-anusvara		ṃ	ta		vedano yas tu ta	'vedano yas tu taṃ
SS.1.16	SS.1.16.25	H	editorial-surface	avagraha		'		ve	vedano yas tu ta	'vedano yas tu taṃ
SS.1.16	SS.1.16.25	H	editorial-surface	nasal-anusvara		ṃ	ta		vedano yas tu ta	'vedano yas tu taṃ
SS.1.16	SS.1.16.28	N	editorial-surface	ba-va	v	b	hu	ad	sādhuvaddha	sādhubaddham
SS.1.16	SS.1.16.28	N	editorial-surface	nasal-anusvara		m	ha		sādhuvaddha	sādhubaddham
SS.1.16	SS.1.16.28	H	editorial-surface	ba-va	v	b	hu	ad	sādhuvaddham	sādhubaddham
SS.1.16	SS.1.16.29	N	editorial-surface	nasal-anusvara		ṃ	ta		susīvita	susīvitaṃ
SS.1.16	SS.1.16.29	H	editorial-surface	sibilant	ś	s	su	īv	suśīvitaṃ	susīvitaṃ
SS.1.16	SS.1.16.29	N	grouped-minor	gemination		ṇ	rṇ	ay	tv avacūrṇayīta	tv avacūrṇṇayīta
SS.1.16	SS.1.16.29	H	editorial-surface	deletion	r		tt	āṅ	pattrāṅgayaṣṭīmadhukāñjanaiś	pattāṅgayaṣṭīmadhukāñjanaiś
SS.1.16	SS.1.16.30	H	grouped-minor	punctuation	 		va	ya	sva yathopadeśaṃ	svayathopadeśam
SS.1.16	SS.1.16.30	H	grouped-minor	nasal-anusvara	ṃ	m	śa		sva yathopadeśaṃ	svayathopadeśam
SS.1.16	SS.1.16.31	N	grouped-minor	nasal-anusvara	m	ṃ	ta	 v	upāgatam vai	upāgataṃ vai
SS.1.16	SS.1.16.31	N	grouped-minor	punctuation		 	et	| 	nikṛntet| hīnaṃ	nikṛntet | hīnam
SS.1.16	SS.1.16.31	N	grouped-minor	nasal-anusvara	ṃ	m	na		nikṛntet| hīnaṃ	nikṛntet | hīnam
SS.1.16	SS.1.16.31	H	grouped-minor	degemination	n			ni	nnikṛntet | hīnam	nikṛntet | hīnam
SS.1.16	SS.1.16.31	N	grouped-minor	nasal-anusvara	n	ṃ	mā	sa	kuryād ativṛddhamānsam	kuryād ativṛddhamāṃsam
SS.2.1	SS.2.1.10	N	grouped-minor	punctuation	 		ni	sā	doṣadhātvagni sāmyatāṃ	doṣadhātvagnisāmyatāṃ
SS.2.1	SS.2.1.10	H	grouped-minor	degemination	d			do	ddoṣadhātvagni sāmyatāṃ	doṣadhātvagnisāmyatāṃ
SS.2.1	SS.2.1.10	H	grouped-minor	punctuation	 		ni	sā	ddoṣadhātvagni sāmyatāṃ	doṣadhātvagnisāmyatāṃ
SS.2.1	SS.2.1.11	N	grouped-minor	gemination		m	rm	ab	nāmasthānātmakarmabhiḥ	nāmasthānātmakarmmabhiḥ
SS.2.1	SS.2.1.12	N	editorial-surface	avagraha		'		pā	pānas	'pānas
SS.2.1	SS.2.1.12	H	editorial-surface	avagraha		'		pā	pānas	'pānas
SS.2.1	SS.2.1.13	H	grouped-minor	avagraha		'		nn	nnam	'nnam
SS.2.1	SS.2.1.14	N	editorial-surface	avagraha		'		hy	hy	'hy
SS.2.1	SS.2.1.17	N	grouped-minor	punctuation	 		ni	sa	gulmāgni saṃgātīsārān prāyaśaś ca	gulmāgnisaṃgātīsārān prāyaśaś ca
SS.2.1	SS.2.1.17	H	grouped-minor	punctuation	 		ni	sa	gulmāgni saṅgātīsārān prāyaśaś ca	gulmāgnisaṃgātīsārān prāyaśaś ca
SS.2.1	SS.2.1.17	H	grouped-minor	nasal-anusvara	ṅ	ṃ	sa	gā	gulmāgni saṅgātīsārān prāyaśaś ca	gulmāgnisaṃgātīsārān prāyaśaś ca
SS.2.1	SS.2.1.20	N	editorial-surface	nasal-anusvara	ṃ	n	gā	 g	rogāṃ ghorāṃ vastigudāśrayān | śukradoṣā	rogān ghorān bastigudāśrayān || śukradoṣāḥ
SS.2.1	SS.2.1.20	N	editorial-surface	nasal-anusvara	ṃ	n	rā	 v	rogāṃ ghorāṃ vastigudāśrayān | śukradoṣā	rogān ghorān bastigudāśrayān || śukradoṣāḥ
SS.2.1	SS.2.1.20	N	editorial-surface	ba-va	v	b	ṃ 	as	rogāṃ ghorāṃ vastigudāśrayān | śukradoṣā	rogān ghorān bastigudāśrayān || śukradoṣāḥ
SS.2.1	SS.2.1.20	N	editorial-surface	punctuation		|	 |	 ś	rogāṃ ghorāṃ vastigudāśrayān | śukradoṣā	rogān ghorān bastigudāśrayān || śukradoṣāḥ
SS.2.1	SS.2.1.20	N	editorial-surface	insertion		ḥ	ṣā		rogāṃ ghorāṃ vastigudāśrayān | śukradoṣā	rogān ghorān bastigudāśrayān || śukradoṣāḥ
SS.2.1	SS.2.1.20	H	editorial-surface	ba-va	v	b	n 	as	rogān ghorān vasti gudāśrayān || śukradoṣāḥ	rogān ghorān bastigudāśrayān || śukradoṣāḥ
SS.2.1	SS.2.1.20	H	editorial-surface	punctuation	 		ti	gu	rogān ghorān vasti gudāśrayān || śukradoṣāḥ	rogān ghorān bastigudāśrayān || śukradoṣāḥ
SS.2.1	SS.2.1.21ab.1	N	editorial-surface	punctuation		|| 		0 	0 ||	|| 0 ||
SS.2.1	SS.2.1.21ab.1	H	editorial-surface	punctuation		|| 		0 	0 ||	|| 0 ||
SS.2.1	SS.2.1.21cd	H	grouped-minor	degemination	v		ar	vā	sarvvān pravakṣyāmi	sarvān pravakṣyāmi
SS.2.1	SS.2.1.21cd	H	grouped-minor	punctuation	 		nā	st	nānā sthānāntarāśritān	nānāsthānāntarāśritān
SS.2.1	SS.2.1.26bcd	N	editorial-surface	nasal-anusvara	ṃ		sa	ru	saṃrujām māṃsasaṃsritaḥ |	sarujān māṃsasaṃśritaḥ
SS.2.1	SS.2.1.26bcd	N	editorial-surface	nasal-anusvara	m	n	jā	 m	saṃrujām māṃsasaṃsritaḥ |	sarujān māṃsasaṃśritaḥ
SS.2.1	SS.2.1.26bcd	N	editorial-surface	sibilant	s	ś	aṃ	ri	saṃrujām māṃsasaṃsritaḥ |	sarujān māṃsasaṃśritaḥ
SS.2.1	SS.2.1.26bcd	N	editorial-surface	punctuation	 |		aḥ		saṃrujām māṃsasaṃsritaḥ |	sarujān māṃsasaṃśritaḥ
SS.2.1	SS.2.1.26bcd	H	editorial-surface	punctuation	 |		aḥ		sarujān māṃsasaṃśritaḥ |	sarujān māṃsasaṃśritaḥ
SS.2.1	SS.2.1.29	N	grouped-minor	nasal-anusvara	ṃ	m	ti		apravṛttiṃ	apravṛttim
SS.2.1	SS.2.1.31	H	grouped-minor	punctuation	 		ṇa	sv	stambhanākṣepaṇa svāpa śopha śūlām̐ś ca	stambhanākṣepaṇasvāpaśophaśūlāṃś ca
SS.2.1	SS.2.1.31	H	grouped-minor	punctuation	 		pa	śo	stambhanākṣepaṇa svāpa śopha śūlām̐ś ca	stambhanākṣepaṇasvāpaśophaśūlāṃś ca
SS.2.1	SS.2.1.31	H	grouped-minor	punctuation	 		ha	śū	stambhanākṣepaṇa svāpa śopha śūlām̐ś ca	stambhanākṣepaṇasvāpaśophaśūlāṃś ca
SS.2.1	SS.2.1.31	H	grouped-minor	other	m̐	ṃ	lā	ś 	stambhanākṣepaṇa svāpa śopha śūlām̐ś ca	stambhanākṣepaṇasvāpaśophaśūlāṃś ca
SS.2.1	SS.2.1.31	H	grouped-minor	degemination	v		ar	va	sarvvaśaḥ	sarvaśaḥ
SS.2.1	SS.2.1.31	H	grouped-minor	nasal-anusvara	n	m	sa	mi	sanmiśrāḥ	sammiśrāḥ
SS.2.1	SS.2.1.32ab	N	editorial-surface	nasal-anusvara	ṃ	n	dā	 v	gadāṃ vahūn|	gadān bahūn
SS.2.1	SS.2.1.32ab	N	editorial-surface	ba-va	v	b	ṃ 	ah	gadāṃ vahūn|	gadān bahūn
SS.2.1	SS.2.1.32ab	N	editorial-surface	punctuation	|		ūn		gadāṃ vahūn|	gadān bahūn
SS.2.1	SS.2.1.32ab	H	editorial-surface	ba-va	v	b	n 	ah	gadān vahūn |	gadān bahūn
SS.2.1	SS.2.1.32ab	H	editorial-surface	punctuation	 |		ūn		gadān vahūn |	gadān bahūn
SS.2.1	SS.2.1.34cd	N	grouped-minor	gemination		d		dā	dāhaś	ddāhaś
SS.2.1	SS.2.1.36	N	editorial-surface	punctuation	 		da	dā	sveda dāhoṣṇa mūrcchā syuḥ	svedadāhoṣṇamūrcchāḥ syuḥ
SS.2.1	SS.2.1.36	N	editorial-surface	punctuation	 		ṇa	mū	sveda dāhoṣṇa mūrcchā syuḥ	svedadāhoṣṇamūrcchāḥ syuḥ
SS.2.1	SS.2.1.36	N	editorial-surface	insertion		ḥ	hā	 s	sveda dāhoṣṇa mūrcchā syuḥ	svedadāhoṣṇamūrcchāḥ syuḥ
SS.2.1	SS.2.1.36	H	editorial-surface	punctuation	 		da	dā	sveda dāhoṣṇya mūrcchāḥ syuḥ	svedadāhoṣṇamūrcchāḥ syuḥ
SS.2.1	SS.2.1.36	H	editorial-surface	deletion	y		ṣṇ	a 	sveda dāhoṣṇya mūrcchāḥ syuḥ	svedadāhoṣṇamūrcchāḥ syuḥ
SS.2.1	SS.2.1.36	H	editorial-surface	punctuation	 		ya	mū	sveda dāhoṣṇya mūrcchāḥ syuḥ	svedadāhoṣṇamūrcchāḥ syuḥ
SS.2.1	SS.2.1.38	N	grouped-minor	punctuation		 	tā	ca	śītatāca	śītatā ca
SS.2.1	SS.2.1.40	N	grouped-minor	punctuation	 		va	ma	doṣādhva madyapramadā vyāyāmaiś ca	doṣādhvamadyapramadāvyāyāmaiś ca
SS.2.1	SS.2.1.40	N	grouped-minor	punctuation	 		dā	vy	doṣādhva madyapramadā vyāyāmaiś ca	doṣādhvamadyapramadāvyāyāmaiś ca
SS.2.1	SS.2.1.40	H	grouped-minor	punctuation	 		va	ma	doṣādhva madyapramadā vyāyāmaiś ca	doṣādhvamadyapramadāvyāyāmaiś ca
SS.2.1	SS.2.1.40	H	grouped-minor	punctuation	 		dā	vy	doṣādhva madyapramadā vyāyāmaiś ca	doṣādhvamadyapramadāvyāyāmaiś ca
SS.2.1	SS.2.1.41	N	grouped-minor	punctuation	 		śa	vi	ṛtudeśa viparyāsād asātmyānāñ ca	ṛtudeśaviparyāsād asātmyānāñ ca
SS.2.1	SS.2.1.41	H	grouped-minor	punctuation	 		śa	vi	ṛtudeśa viparyāsād asātmyānāñ ca	ṛtudeśaviparyāsād asātmyānāñ ca
SS.2.1	SS.2.1.41	N	grouped-minor	punctuation	 |		āt	| 	bhojanāt || sthūlasyāvyāyāmavato	bhojanāt| sthūlasyāvyāyāmavato
SS.2.1	SS.2.1.41	H	grouped-minor	punctuation	 		āt	| 	bhojanāt | sthūlasyāvyāyāmavato	bhojanāt| sthūlasyāvyāyāmavato
SS.2.1	SS.2.1.42	H	grouped-minor	punctuation	 		la	kṣ	tīkṣṇoṣṇāmla kṣāra śākādi bhojyaiḥ	tīkṣṇoṣṇāmlakṣāraśākādibhojyaiḥ
SS.2.1	SS.2.1.42	H	grouped-minor	punctuation	 		ra	śā	tīkṣṇoṣṇāmla kṣāra śākādi bhojyaiḥ	tīkṣṇoṣṇāmlakṣāraśākādibhojyaiḥ
SS.2.1	SS.2.1.42	H	grouped-minor	punctuation	 		di	bh	tīkṣṇoṣṇāmla kṣāra śākādi bhojyaiḥ	tīkṣṇoṣṇāmlakṣāraśākādibhojyaiḥ
SS.2.1	SS.2.1.43abc	N	grouped-minor	gemination		d	ad	hy	saṃruṇadhy	saṃruṇaddhy
SS.2.1	SS.2.1.46	N	grouped-minor	nasal-anusvara	ṃ	m	ga		liṅgaṃ	liṅgam
SS.2.1	SS.2.1.46	H	grouped-minor	nasal-anusvara	ṃ	ṅ	li	ga	liṃgam	liṅgam
SS.2.1	SS.2.1.50ab	H	grouped-minor	nasal-anusvara	ṃ	m	ta		samvatsarotthitaṃ	samvatsarotthitam
SS.2.1	SS.2.1.51	H	grouped-minor	degemination	m			mu	mmuhur	muhur
SS.2.1	SS.2.1.52	N	grouped-minor	avagraha		'		pa	patāmyate	'patāmyate
SS.2.1	SS.2.1.52	N	grouped-minor	avagraha		'		pa	patānakaḥ	'patānakaḥ
SS.2.1	SS.2.1.54	H	grouped-minor	nasal-anusvara	ṃ	ṅ	a	gu	aṃgulīgulpha jaṭhara hṛdvakṣogala saṃśritaḥ	aṅgulīgulphajaṭharahṛdvakṣogalasaṃśritaḥ
SS.2.1	SS.2.1.54	H	grouped-minor	punctuation	 		ha	ja	aṃgulīgulpha jaṭhara hṛdvakṣogala saṃśritaḥ	aṅgulīgulphajaṭharahṛdvakṣogalasaṃśritaḥ
SS.2.1	SS.2.1.54	H	grouped-minor	punctuation	 		ra	hṛ	aṃgulīgulpha jaṭhara hṛdvakṣogala saṃśritaḥ	aṅgulīgulphajaṭharahṛdvakṣogalasaṃśritaḥ
SS.2.1	SS.2.1.54	H	grouped-minor	punctuation	 		la	sa	aṃgulīgulpha jaṭhara hṛdvakṣogala saṃśritaḥ	aṅgulīgulphajaṭharahṛdvakṣogalasaṃśritaḥ
SS.2.1	SS.2.1.55	N	editorial-surface	ba-va	v	b	ta	dh	vegavān | viṣṭabdhākṣastavdhahanur	vegavān | viṣṭabdhākṣastabdhahanur
SS.2.1	SS.2.1.55	H	editorial-surface	ba-va	v	b	ṭa	dh	vegavān | viṣṭavdhākṣastavdhahanur	vegavān | viṣṭabdhākṣastabdhahanur
SS.2.1	SS.2.1.55	H	editorial-surface	ba-va	v	b	ta	dh	vegavān | viṣṭavdhākṣastavdhahanur	vegavān | viṣṭabdhākṣastabdhahanur
SS.2.1	SS.2.1.57	H	grouped-minor	nasal-anusvara	ṃ	m	na		vvakṣaḥkaṭyūrubhañjanaṃ	vvakṣaḥkaṭyūrubhañjanam
SS.2.1	SS.2.1.60	N	editorial-surface	ba-va	v	b		al	valī |	balī
SS.2.1	SS.2.1.60	N	editorial-surface	punctuation	 |		lī		valī |	balī
SS.2.1	SS.2.1.60	H	editorial-surface	ba-va	v	b		al	valī |	balī
SS.2.1	SS.2.1.60	H	editorial-surface	punctuation	 |		lī		valī |	balī
SS.2.1	SS.2.1.68cdef	N	grouped-minor	other	t	c	rā	 ś	bhārāt śayanād viṣamād api	bhārāc chayanād viṣamād api
SS.2.1	SS.2.1.68cdef	N	grouped-minor	other	ś	ch	t 	ay	bhārāt śayanād viṣamād api	bhārāc chayanād viṣamād api
SS.2.1	SS.2.1.77	N	grouped-minor	visarga	s	ḥ	ta		kaṭyāśritas	kaṭyāśritaḥ
SS.2.1	SS.2.1.78	N	grouped-minor	nasal-anusvara	n	ñ	ha	ja	kalāyakhanjaṃ tam	kalāyakhañjan tam
SS.2.1	SS.2.1.78	N	grouped-minor	nasal-anusvara	ṃ	n	ja	 t	kalāyakhanjaṃ tam	kalāyakhañjan tam
SS.2.1	SS.2.1.78	N	grouped-minor	nasal-anusvara	ṃ	m	na		vidyān muktasandhiprabandhanaṃ	vidyān muktasandhiprabandhanam
SS.2.1	SS.2.1.80	N	grouped-minor	nasal-anusvara	ṃ	ṅ	ca	kr	caṃkramataḥ	caṅkramataḥ
SS.2.1	SS.2.1.82	N	editorial-surface	nasal-anusvara	n	ṃ	a	sa	ansavandhanaṃ ||	aṃsabandhanaṃ
SS.2.1	SS.2.1.82	N	editorial-surface	ba-va	v	b	sa	an	ansavandhanaṃ ||	aṃsabandhanaṃ
SS.2.1	SS.2.1.82	N	editorial-surface	punctuation	 ||		aṃ		ansavandhanaṃ ||	aṃsabandhanaṃ
SS.2.1	SS.2.1.82	H	editorial-surface	other	g	s	aṃ	av	aṃgavandhanaṃ |	aṃsabandhanaṃ
SS.2.1	SS.2.1.82	H	editorial-surface	ba-va	v	b	ga	an	aṃgavandhanaṃ |	aṃsabandhanaṃ
SS.2.1	SS.2.1.82	H	editorial-surface	punctuation	 |		aṃ		aṃgavandhanaṃ |	aṃsabandhanaṃ
SS.2.1	SS.2.1.85	N	grouped-minor	nasal-anusvara	ṃ	ṅ	rā		narāṃ	narāṅ
SS.2.1	SS.2.1.85	N	grouped-minor	punctuation	 		ka	mi	mūka minmira ga2dgadāṃ	mūkaminmiragadgadām
SS.2.1	SS.2.1.85	N	grouped-minor	punctuation	 		ra	ga	mūka minmira ga2dgadāṃ	mūkaminmiragadgadām
SS.2.1	SS.2.1.85	N	grouped-minor	punctuation	2		ga	dg	mūka minmira ga2dgadāṃ	mūkaminmiragadgadām
SS.2.1	SS.2.1.85	N	grouped-minor	nasal-anusvara	ṃ	m	dā		mūka minmira ga2dgadāṃ	mūkaminmiragadgadām
SS.2.1	SS.2.1.84	N	editorial-surface	punctuation	 		ro	gr	śiro grīva hatunuḥ	śirogrīvahanūḥ
SS.2.1	SS.2.1.84	N	editorial-surface	punctuation	 		va	ha	śiro grīva hatunuḥ	śirogrīvahanūḥ
SS.2.1	SS.2.1.84	N	editorial-surface	other	tu		ha	nu	śiro grīva hatunuḥ	śirogrīvahanūḥ
SS.2.1	SS.2.1.84	N	editorial-surface	vowel-length	u	ū	un	ḥ	śiro grīva hatunuḥ	śirogrīvahanūḥ
SS.2.1	SS.2.1.84	N	editorial-surface	punctuation	 		ro	gr	śiro grīva hanuḥ	śirogrīvahanūḥ
SS.2.1	SS.2.1.84	N	editorial-surface	punctuation	 		va	ha	śiro grīva hanuḥ	śirogrīvahanūḥ
SS.2.1	SS.2.1.84	N	editorial-surface	vowel-length	u	ū	an	ḥ	śiro grīva hanuḥ	śirogrīvahanūḥ
SS.2.1	SS.2.1.84	H	editorial-surface	punctuation	 		ro	gr	śiro grīva hanuḥ	śirogrīvahanūḥ
SS.2.1	SS.2.1.84	H	editorial-surface	punctuation	 		va	ha	śiro grīva hanuḥ	śirogrīvahanūḥ
SS.2.1	SS.2.1.84	H	editorial-surface	vowel-length	u	ū	an	ḥ	śiro grīva hanuḥ	śirogrīvahanūḥ
SS.2.1	SS.2.1.84	H	grouped-minor	punctuation	 |		aḥ		bhindann ivānilaḥ |	bhindann ivānilaḥ
SS.2.1	SS.2.1.86	N	grouped-minor	gemination		c	ar	co	varcomūtrāśayotthitā	varccomūtrāśayotthitā
SS.2.1	SS.2.1.86	N	grouped-minor	punctuation	 		nī	nā	tūnī nāma	tūnīnāma
SS.2.1	SS.2.1.87	N	grouped-minor	nasal-anusvara	ṃ	m	ma		pratilomaṃ	pratilomam
SS.2.1	SS.2.1.87	N	grouped-minor	deletion	ḥ		tā		pradhāvitāḥ	pradhāvitā
SS.2.1	SS.2.1.88	N	grouped-minor	nasal-anusvara	ṃ	m	ra		vijānīyād ghoraṃ	vijānīyād ghoram
SS.2.1	SS.2.1.90	N	grouped-minor	gemination		m	rm	ār	vijānīyād bahirmārgāvarodhinīṃ	vijānīyād bahirmmārggāvarodhinīm
SS.2.1	SS.2.1.90	N	grouped-minor	gemination		g	ār	gā	vijānīyād bahirmārgāvarodhinīṃ	vijānīyād bahirmmārggāvarodhinīm
SS.2.1	SS.2.1.90	N	grouped-minor	nasal-anusvara	ṃ	m	nī		vijānīyād bahirmārgāvarodhinīṃ	vijānīyād bahirmmārggāvarodhinīm
SS.2.1	SS.2.1.91	H	grouped-minor	punctuation	 		ta	vi	vāta viṇ mūtrarodhinīṃ	vātaviṇmūtrarodhinīṃ
SS.2.1	SS.2.1.91	H	grouped-minor	punctuation	 		iṇ	mū	vāta viṇ mūtrarodhinīṃ	vātaviṇmūtrarodhinīṃ
SS.3.1	SS.3.1.1	K	grouped-minor	gemination		v	ar	va	sarvabhūtacintāṃ	sarvvabhūtacintāṃ
SS.3.1	SS.3.1.1	N	grouped-minor	gemination		v	ar	va	sarvabhūtacintāṃ	sarvvabhūtacintāṃ
SS.3.1	SS.3.1.3	N	grouped-minor	gemination		t	sa	tv	satvarajastamo lakṣaṇam	sattvarajastamolakṣaṇam
SS.3.1	SS.3.1.3	N	grouped-minor	punctuation	 		mo	la	satvarajastamo lakṣaṇam	sattvarajastamolakṣaṇam
SS.3.1	SS.3.1.3	H	grouped-minor	gemination		t	sa	tv	satvarajastamo lakṣaṇam	sattvarajastamolakṣaṇam
SS.3.1	SS.3.1.3	H	grouped-minor	punctuation	 		mo	la	satvarajastamo lakṣaṇam	sattvarajastamolakṣaṇam
SS.3.1	SS.3.1.3	N	editorial-surface	other	ā	o	iv	da	ivādakaujasām	ivodakaukasāṃ
SS.3.1	SS.3.1.3	N	editorial-surface	other	j	k	au	as	ivādakaujasām	ivodakaukasāṃ
SS.3.1	SS.3.1.3	N	editorial-surface	nasal-anusvara	m	ṃ	sā		ivādakaujasām	ivodakaukasāṃ
SS.3.1	SS.3.1.3	H	editorial-surface	other	j	k	au	as	ivodakaujasām	ivodakaukasāṃ
SS.3.1	SS.3.1.3	H	editorial-surface	nasal-anusvara	m	ṃ	sā		ivodakaujasām	ivodakaukasāṃ
SS.3.1	SS.3.1.3	H	grouped-minor	nasal-anusvara	ṃ	m	nā		bhāvānāṃ	bhāvānām
SS.3.1	SS.3.1.4	N	grouped-minor	gemination		j		ji	jihvā	jjihvā
SS.3.1	SS.3.1.4	H	grouped-minor	punctuation	 		ha	pā	vāgghastopastha pāyu pāda manānsīti	vāgghastopasthapāyupādamanānsīti
SS.3.1	SS.3.1.4	H	grouped-minor	punctuation	 		yu	pā	vāgghastopastha pāyu pāda manānsīti	vāgghastopasthapāyupādamanānsīti
SS.3.1	SS.3.1.4	H	grouped-minor	punctuation	 		da	ma	vāgghastopastha pāyu pāda manānsīti	vāgghastopasthapāyupādamanānsīti
SS.3.1	SS.3.1.4	N	grouped-minor	gemination		v	rv	iṅ	caturviṅśati	caturvviṃśati
SS.3.1	SS.3.1.4	N	grouped-minor	nasal-anusvara	ṅ	ṃ	vi	śa	caturviṅśati	caturvviṃśati
SS.3.1	SS.3.1.4	N	grouped-minor	gemination		t	ta	tv	tatvāni	tattvāni
SS.3.1	SS.3.1.4	H	grouped-minor	gemination		t	ta	tv	tatvāni	tattvāni
SS.3.1	SS.3.1.7	H	grouped-minor	ba-va	v	b		ud	vuddher	buddher
SS.3.1	SS.3.1.7	H	grouped-minor	ba-va	vv	b		ra	vvrahmā	brahmā
SS.3.1	SS.3.1.9	N	grouped-minor	gemination		m	rm	iṇ	amadhyasthadharmiṇī	amadhyasthadharmmiṇī
SS.3.1	SS.3.1.9	H	grouped-minor	ba-va	v	b	a	īj	avījadharmmiṇo	abījadharmmiṇo
SS.3.1	SS.3.1.9	H	grouped-minor	avagraha		'		pr	prasavadharmmiṇo	'prasavadharmmiṇo
SS.3.1	SS.3.1.9	N	grouped-minor	gemination		m	rm	iṇ	madhyasthadharmiṇaś	madhyasthadharmmiṇaś
SS.3.1	SS.3.1.12	N	grouped-minor	gemination		d	ir	di	nirdiśet	nirddiśet
SS.3.1	SS.3.1.13	N	grouped-minor	avagraha		'		pi	pi	'pi
SS.3.1	SS.3.1.13	H	grouped-minor	avagraha		'		pi	pi	'pi
SS.3.1	SS.3.1.15	N	grouped-minor	nasal-anusvara	n	ṃ	ha	 t	indriyārthan tu	indriyārthaṃ tu
SS.3.1	SS.3.1.16	N	editorial-surface	deletion	a			ni	anityeṣu ca	nityeṣu ca
SS.3.1	SS.3.1.16	H	editorial-surface	deletion	a			ni	anityeṣu ca	nityeṣu ca
SS.3.1	SS.3.1.16	N	grouped-minor	gemination		m	ar	mā	dharmādharmanimittan ta	dharmmādharmmanimittaṃ | ta
SS.3.1	SS.3.1.16	N	grouped-minor	gemination		m	ar	ma	dharmādharmanimittan ta	dharmmādharmmanimittaṃ | ta
SS.3.1	SS.3.1.16	N	grouped-minor	other	n	ṃ |	ta	 t	dharmādharmanimittan ta	dharmmādharmmanimittaṃ | ta
SS.3.1	SS.3.1.16	N	grouped-minor	punctuation	 		ta	nā	ceta nāvantaḥ	cetanāvantaḥ
SS.3.1	SS.3.1.16	N	grouped-minor	punctuation	|		 |	 s	iti || sa	iti | sa
SS.3.1	SS.3.1.18	N	grouped-minor	punctuation	 		ha	ba	duḥkha bahulatā pradānaṃ	duḥkhabahulatāpradānaṃ
SS.3.1	SS.3.1.18	N	grouped-minor	punctuation	 		tā	pr	duḥkha bahulatā pradānaṃ	duḥkhabahulatāpradānaṃ
SS.3.1	SS.3.1.18	H	grouped-minor	ba-va	 v	b	ha	ah	duḥkha vahulatā pradānaṃ	duḥkhabahulatāpradānaṃ
SS.3.1	SS.3.1.18	H	grouped-minor	punctuation	 		tā	pr	duḥkha vahulatā pradānaṃ	duḥkhabahulatāpradānaṃ
SS.3.1	SS.3.1.18	N	grouped-minor	nasal-anusvara	ṃ	m	va		ānṛtikatvaṃ	ānṛtikatvam
SS.3.1	SS.3.1.18	H	grouped-minor	ba-va	v	b		ud	vuddhinirodho	buddhinirodho
SS.3.1	SS.3.1.19	N	editorial-surface	vowel-length	a	ā		nt	antarikṣās tu	āntarikṣās tu
SS.3.1	SS.3.1.19	H	editorial-surface	vowel-length	a	ā		nt	antarikṣās tu	āntarikṣās tu
SS.3.1	SS.3.1.20	H	grouped-minor	gemination		t	sa	tv	satvarajovahulo	sattvarajobahulo
SS.3.1	SS.3.1.20	H	grouped-minor	ba-va	v	b	jo	ah	satvarajovahulo	sattvarajobahulo
SS.3.1	SS.3.1.21	H	grouped-minor	degemination	d		ir	di	nirddiśet	nirdiśet
SS.3.2	SS.3.2.5	H	editorial-surface	ba-va	v	b	a	īj	avījan na bhavati	abījan bhavati
SS.3.2	SS.3.2.5	H	editorial-surface	other	 na		an	 b	avījan na bhavati	abījan bhavati
SS.3.2	SS.3.2.5	N	grouped-minor	punctuation	 		hi	pū	kuṇapagranthi pūtipūya prakāśan	kuṇapagranthipūtipūyaprakāśan
SS.3.2	SS.3.2.5	N	grouped-minor	punctuation	 		ya	pr	kuṇapagranthi pūtipūya prakāśan	kuṇapagranthipūtipūyaprakāśan
SS.3.2	SS.3.2.5	H	grouped-minor	punctuation	 		hi	pū	kuṇapagranthi pūtipūya prakāśan	kuṇapagranthipūtipūyaprakāśan
SS.3.2	SS.3.2.5	H	grouped-minor	punctuation	 		ya	pr	kuṇapagranthi pūtipūya prakāśan	kuṇapagranthipūtipūyaprakāśan
SS.3.2	SS.3.2.6	H	grouped-minor	ba-va	v	b	ra	as	tathaivottaravastibhiḥ	tathaivottarabastibhiḥ
SS.3.2	SS.3.2.6.1	H	grouped-minor	ba-va	v	b	ra	as	tad uttaravastiṣu	tad uttarabastiṣu
SS.3.2	SS.3.2.6.3	H	grouped-minor	nasal-anusvara	ṃ	ṅ	ḍa	ga	pippalīviḍaṃgamadhuvipakvan	pippalīviḍaṅgamadhuvipakvan
SS.3.2	SS.3.2.6.3	H	editorial-surface	vowel-length	ā	a	āṣ	ṇa	pāṣāṇabheda kāśmaryāmalaka pippalī vasuka vasira siddhaṃ	pāṣaṇabhedakāśmaryāmalakapippalīvasukavasirasiddhaṃ
SS.3.2	SS.3.2.6.3	H	editorial-surface	punctuation	 		da	kā	pāṣāṇabheda kāśmaryāmalaka pippalī vasuka vasira siddhaṃ	pāṣaṇabhedakāśmaryāmalakapippalīvasukavasirasiddhaṃ
SS.3.2	SS.3.2.6.3	H	editorial-surface	punctuation	 		ka	pi	pāṣāṇabheda kāśmaryāmalaka pippalī vasuka vasira siddhaṃ	pāṣaṇabhedakāśmaryāmalakapippalīvasukavasirasiddhaṃ
SS.3.2	SS.3.2.6.3	H	editorial-surface	punctuation	 		lī	va	pāṣāṇabheda kāśmaryāmalaka pippalī vasuka vasira siddhaṃ	pāṣaṇabhedakāśmaryāmalakapippalīvasukavasirasiddhaṃ
SS.3.2	SS.3.2.6.3	H	editorial-surface	punctuation	 		ka	va	pāṣāṇabheda kāśmaryāmalaka pippalī vasuka vasira siddhaṃ	pāṣaṇabhedakāśmaryāmalakapippalīvasukavasirasiddhaṃ
SS.3.2	SS.3.2.6.3	H	editorial-surface	punctuation	 		ra	si	pāṣāṇabheda kāśmaryāmalaka pippalī vasuka vasira siddhaṃ	pāṣaṇabhedakāśmaryāmalakapippalīvasukavasirasiddhaṃ
SS.3.2	SS.3.2.7	H	grouped-minor	other	ch	ś		oṇ	choṇita retasi	śoṇitaretasi
SS.3.2	SS.3.2.7	H	grouped-minor	punctuation	 		ta	re	choṇita retasi	śoṇitaretasi
SS.3.2	SS.3.2.7	H	grouped-minor	punctuation	 		ra	dā	dhātakīpuṣpakhadira dāḍimārjjuna sādhitaṃ	dhātakīpuṣpakhadiradāḍimārjjunasādhitam
SS.3.2	SS.3.2.7	H	grouped-minor	punctuation	 		na	sā	dhātakīpuṣpakhadira dāḍimārjjuna sādhitaṃ	dhātakīpuṣpakhadiradāḍimārjjunasādhitam
SS.3.2	SS.3.2.7	H	grouped-minor	nasal-anusvara	ṃ	m	ta		dhātakīpuṣpakhadira dāḍimārjjuna sādhitaṃ	dhātakīpuṣpakhadiradāḍimārjjunasādhitam
SS.3.2	SS.3.2.8	H	grouped-minor	punctuation	-		la	sā	śāla-sārādisādhitaṃ	śālasārādisādhitaṃ
SS.3.2	SS.3.2.8	H	grouped-minor	punctuation	 		cā	pi	cā pi	cāpi
SS.3.2	SS.3.2.10.add1	N	editorial-surface	other	ḍ	t	e	eṣ	eḍeṣu	eteṣu
SS.3.2	SS.3.2.10.add1	H	editorial-surface	other	a	e		te	ateṣu	eteṣu
SS.3.2	SS.3.2.10.add2	N	grouped-minor	nasal-anusvara	ṃ		ṇā	m	dravyāṇāṃm	dravyāṇām
SS.3.2	SS.3.2.10.add3	N	editorial-surface	ba-va	b		ām	la	tathāmblalavaṇaṃ	tathāmlaṃ lavaṇaṃ
SS.3.2	SS.3.2.10.add3	N	editorial-surface	nasal-anusvara		ṃ 	la	la	tathāmblalavaṇaṃ	tathāmlaṃ lavaṇaṃ
SS.3.2	SS.3.2.10.add3	H	editorial-surface	other	s	m	hā	la	tathāslaṃlavaṇaṃ	tathāmlaṃ lavaṇaṃ
SS.3.2	SS.3.2.10.add3	H	editorial-surface	punctuation		 	aṃ	la	tathāslaṃlavaṇaṃ	tathāmlaṃ lavaṇaṃ
SS.3.2	SS.3.2.10.add4	H	grouped-minor	degemination	m		rm	am	snehādikarmmam	snehādikarmam
SS.3.2	SS.3.2.10.add5	H	grouped-minor	punctuation	 		ya	ph	kāśmarya phala kṣīra vidārī kṣīrodaka siddhaṃ vā	kāśmaryaphalakṣīravidārīkṣīrodakasiddhaṃ vā
SS.3.2	SS.3.2.10.add5	H	grouped-minor	punctuation	 		la	kṣ	kāśmarya phala kṣīra vidārī kṣīrodaka siddhaṃ vā	kāśmaryaphalakṣīravidārīkṣīrodakasiddhaṃ vā
SS.3.2	SS.3.2.10.add5	H	grouped-minor	punctuation	 		ra	vi	kāśmarya phala kṣīra vidārī kṣīrodaka siddhaṃ vā	kāśmaryaphalakṣīravidārīkṣīrodakasiddhaṃ vā
SS.3.2	SS.3.2.10.add5	H	grouped-minor	punctuation	 		rī	kṣ	kāśmarya phala kṣīra vidārī kṣīrodaka siddhaṃ vā	kāśmaryaphalakṣīravidārīkṣīrodakasiddhaṃ vā
SS.3.2	SS.3.2.10.add5	H	grouped-minor	punctuation	 		ka	si	kāśmarya phala kṣīra vidārī kṣīrodaka siddhaṃ vā	kāśmaryaphalakṣīravidārīkṣīrodakasiddhaṃ vā
SS.3.2	SS.3.2.10.add7	N	editorial-surface	sibilant	s	ś	kā	ma	madhūkapuṣpakāsmaryaphalakvāthaṃ	madhūkapuṣpakāśmaryaphalakvātham
SS.3.2	SS.3.2.10.add7	N	editorial-surface	nasal-anusvara	ṃ	m	ha		madhūkapuṣpakāsmaryaphalakvāthaṃ	madhūkapuṣpakāśmaryaphalakvātham
SS.3.2	SS.3.2.10.add7	H	editorial-surface	vowel-length	u	ū	dh	ka	madhukapuṣpa-kāśmaryaphalakvātham	madhūkapuṣpakāśmaryaphalakvātham
SS.3.2	SS.3.2.10.add7	H	editorial-surface	punctuation	-		pa	kā	madhukapuṣpa-kāśmaryaphalakvātham	madhūkapuṣpakāśmaryaphalakvātham
SS.3.2	SS.3.2.10.add7	H	grouped-minor	punctuation	-		pā	ya	pā-yayet	pāyayet
SS.3.2	SS.3.2.10.add7	N	editorial-surface	other		ka	ka	ṣā	lodhratindukaṣāyam	lodhratindukakaṣāyam
SS.3.2	SS.3.2.10.add7	H	editorial-surface	other	ā	o	l	dh	lādhratindukakaṣāyam	lodhratindukakaṣāyam
SS.3.2	SS.3.2.10.add8	H	grouped-minor	punctuation		 	ān	dh	yonyāndhārayet	yonyān dhārayet
SS.3.2	SS.3.2.14.add1	N	editorial-surface	nasal-anusvara		ṃ	ha		niḥkvātha	niḥkvāthaṃ
SS.3.2	SS.3.2.14.add1	H	editorial-surface	insertion		ḥ	ni	kv	nikvāthaṃ	niḥkvāthaṃ
SS.3.2	SS.3.2.25	H	grouped-minor	punctuation	 		ma	di	prathama divasāt	prathamadivasāt
SS.3.2	SS.3.2.25	N	editorial-surface	vowel-length	a	ā	ān	nu	snānanulepanālaṅkāra vilekhana virahitā	snānānulepanālaṅkāravilekhanavirahitā
SS.3.2	SS.3.2.25	N	editorial-surface	punctuation	 		ra	vi	snānanulepanālaṅkāra vilekhana virahitā	snānānulepanālaṅkāravilekhanavirahitā
SS.3.2	SS.3.2.25	N	editorial-surface	punctuation	 		na	vi	snānanulepanālaṅkāra vilekhana virahitā	snānānulepanālaṅkāravilekhanavirahitā
SS.3.2	SS.3.2.25	H	editorial-surface	punctuation	 		ra	vi	snānānulepanālaṅkāra vilekhana virahitān	snānānulepanālaṅkāravilekhanavirahitā
SS.3.2	SS.3.2.25	H	editorial-surface	punctuation	 		na	vi	snānānulepanālaṅkāra vilekhana virahitān	snānānulepanālaṅkāravilekhanavirahitā
SS.3.2	SS.3.2.25	H	editorial-surface	nasal-anusvara	n		tā		snānānulepanālaṅkāra vilekhana virahitān	snānānulepanālaṅkāravilekhanavirahitā
SS.3.2	SS.3.2.25	N	editorial-surface	insertion		t	gā		tailābhyaṅgā	tailābhyaṅgāt
SS.3.2	SS.3.2.25	N	editorial-surface	punctuation	 		ha	sa	darbha saṃstaraṃ śārpinī	darbhasaṃstaraṇaśāyinīṃ
SS.3.2	SS.3.2.25	N	editorial-surface	other	ṃ 	ṇa	ra	śā	darbha saṃstaraṃ śārpinī	darbhasaṃstaraṇaśāyinīṃ
SS.3.2	SS.3.2.25	N	editorial-surface	other	rp	y	śā	in	darbha saṃstaraṃ śārpinī	darbhasaṃstaraṇaśāyinīṃ
SS.3.2	SS.3.2.25	N	editorial-surface	nasal-anusvara		ṃ	nī		darbha saṃstaraṃ śārpinī	darbhasaṃstaraṇaśāyinīṃ
SS.3.2	SS.3.2.25	H	editorial-surface	other	bh		bh	a 	darbhbha saṃstaraṇa śāyinīṃ	darbhasaṃstaraṇaśāyinīṃ
SS.3.2	SS.3.2.25	H	editorial-surface	punctuation	 		ha	sa	darbhbha saṃstaraṇa śāyinīṃ	darbhasaṃstaraṇaśāyinīṃ
SS.3.2	SS.3.2.25	H	editorial-surface	punctuation	 		ṇa	śā	darbhbha saṃstaraṇa śāyinīṃ	darbhasaṃstaraṇaśāyinīṃ
SS.3.2	SS.3.2.25	H	grouped-minor	punctuation	 		la	śa	karatala śarāva parṇṇānām	karatalaśarāvaparṇṇānām
SS.3.2	SS.3.2.25	H	grouped-minor	punctuation	 		va	pa	karatala śarāva parṇṇānām	karatalaśarāvaparṇṇānām
SS.3.2	SS.3.2.25	N	grouped-minor	punctuation	 		ma	bh	anyatama bhojinīṃ	anyatamabhojinīṃ
SS.3.2	SS.3.2.25	H	grouped-minor	punctuation	 		ma	bh	anyatama bhojinīṃ	anyatamabhojinīṃ
SS.3.2	SS.3.2.25	N	grouped-minor	punctuation	 		ta	va	anāhata vastravāsinīm	anāhatavastravāsinīm
SS.3.2	SS.3.2.25	H	grouped-minor	punctuation	 		ta	va	anāhata vastravāsinīm	anāhatavastravāsinīm
SS.3.2	SS.3.2.25	N	grouped-minor	nasal-anusvara	ṃ	ṅ	la	kṛ	alaṃkṛtāṃ	alaṅkṛtāṃ
SS.3.2	SS.3.2.25	H	grouped-minor	punctuation	 		ti	vā	kṛtamaṅgalasvasti vācanām	kṛtamaṅgalasvastivācanām
SS.3.2	SS.3.2.25	N	grouped-minor	punctuation		| 	d 	ap	darśayed api	darśayed | api
SS.3.2	SS.3.2.25	H	grouped-minor	punctuation		| 	d 	ap	darśayed api	darśayed | api
SS.3.2	SS.3.2.25	H	grouped-minor	punctuation		 	ed	| 	darśayed| api	darśayed | api
SS.3.2	SS.3.2.28	N	grouped-minor	nasal-anusvara	ñ	ṃ	va		evañ	evaṃ
SS.3.2	SS.3.2.28	H	grouped-minor	punctuation	-		yā	d	copeyā-d	copeyād
SS.3.2	SS.3.2.32	N	grouped-minor	visarga	s	ḥ	ha	su	evāhassu	evāhaḥsu
SS.3.2	SS.3.2.32	H	grouped-minor	punctuation	 		ṇā	va	lakṣmaṇā vaṭa śuṅgā sahadevā viśva devānām	lakṣmaṇāvaṭaśuṅgāsahadevāviśvadevānām
SS.3.2	SS.3.2.32	H	grouped-minor	punctuation	 		ṭa	śu	lakṣmaṇā vaṭa śuṅgā sahadevā viśva devānām	lakṣmaṇāvaṭaśuṅgāsahadevāviśvadevānām
SS.3.2	SS.3.2.32	H	grouped-minor	punctuation	 		gā	sa	lakṣmaṇā vaṭa śuṅgā sahadevā viśva devānām	lakṣmaṇāvaṭaśuṅgāsahadevāviśvadevānām
SS.3.2	SS.3.2.32	H	grouped-minor	punctuation	 		vā	vi	lakṣmaṇā vaṭa śuṅgā sahadevā viśva devānām	lakṣmaṇāvaṭaśuṅgāsahadevāviśvadevānām
SS.3.2	SS.3.2.32	H	grouped-minor	punctuation	 		va	de	lakṣmaṇā vaṭa śuṅgā sahadevā viśva devānām	lakṣmaṇāvaṭaśuṅgāsahadevāviśvadevānām
SS.3.2	SS.3.2.12ab	H	grouped-minor	nasal-anusvara	ṃ	m	ha		kṣaudratailasamaprabhaṃ	kṣaudratailasamaprabham
SS.3.2	SS.3.2.19	N	grouped-minor	nasal-anusvara	m	ṃ	ra		asṛgdaram	asṛgdaraṃ
SS.3.2	SS.3.2.19	H	grouped-minor	punctuation	 |		aṃ		savedanaṃ |	savedanaṃ
SS.3.2	SS.3.2.22	H	grouped-minor	punctuation	 		sa	ku	māṃsa kulatthāmla tila-māṣasurā	māṃsakulatthāmlatilamāṣasurā
SS.3.2	SS.3.2.22	H	grouped-minor	punctuation	 		la	ti	māṃsa kulatthāmla tila-māṣasurā	māṃsakulatthāmlatilamāṣasurā
SS.3.2	SS.3.2.22	H	grouped-minor	punctuation	-		la	mā	māṃsa kulatthāmla tila-māṣasurā	māṃsakulatthāmlatilamāṣasurā
SS.3.2	SS.3.2.33	N	grouped-minor	gemination		v	rv	ak	vidhipūrvakaḥ	vidhipūrvvakaḥ
SS.3.2	SS.3.2.35	N	grouped-minor	insertion		ḥ	va		prabhava	prabhavaḥ
SS.3.2	SS.3.2.35	H	grouped-minor	insertion		ḥ	va		prabhava	prabhavaḥ
SS.3.2	SS.3.2.35	H	editorial-surface	other	k	d	dṛ	va	yādṛkvarṇṇam	yādṛdvarṇṇam
SS.3.2	SS.3.2.35	N	grouped-minor	gemination		p	rp	a 	sarpa vṛścika galagoḍikādayaḥ	sarppavṛścikagalagoḍikādayaḥ
SS.3.2	SS.3.2.35	N	grouped-minor	punctuation	 		pa	vṛ	sarpa vṛścika galagoḍikādayaḥ	sarppavṛścikagalagoḍikādayaḥ
SS.3.2	SS.3.2.35	N	grouped-minor	punctuation	 		ka	ga	sarpa vṛścika galagoḍikādayaḥ	sarppavṛścikagalagoḍikādayaḥ
SS.3.2	SS.3.2.35	H	editorial-surface	sibilant	s	ś	ta	ve	kṛṣṇapītasvetā	kṛṣṇapītaśvetā
SS.3.2	SS.3.2.35.1	H	editorial-surface	other	a	e	āy	te	jāyate	jāyete
SS.3.2	SS.3.2.35.1	H	editorial-surface	avagraha		'		si	site	'site
SS.3.2	SS.3.2.35.4	H	editorial-surface	other	a	e	āy	te	jāyate	jāyete
SS.3.2	SS.3.2.40	H	editorial-surface	other	ā	aḥ	 y		brahmacaryād yā	brahmacaryād yaḥ
SS.3.2	SS.3.2.45	H	grouped-minor	punctuation	-		hā		śukravahā-	śukravahā
SS.3.2	SS.3.2.47	H	grouped-minor	punctuation	-		rī		nārī-	nārī
SS.3.2	SS.3.2.50	H	grouped-minor	punctuation	 		pa	vṛ	sarppa vṛścika kuṣmāṇḍa vikṛtākṛtayas tu te	sarppavṛścikakuṣmāṇḍavikṛtākṛtayas tu te
SS.3.2	SS.3.2.50	H	grouped-minor	punctuation	 		ka	ku	sarppa vṛścika kuṣmāṇḍa vikṛtākṛtayas tu te	sarppavṛścikakuṣmāṇḍavikṛtākṛtayas tu te
SS.3.2	SS.3.2.50	H	grouped-minor	punctuation	 		ḍa	vi	sarppa vṛścika kuṣmāṇḍa vikṛtākṛtayas tu te	sarppavṛścikakuṣmāṇḍavikṛtākṛtayas tu te
SS.3.2	SS.3.2.51	H	editorial-surface	other	jo 	'		th	jo thavā	'thavā
SS.3.2	SS.3.2.51	H	editorial-surface	insertion		ḥ	ni		kūni	kūniḥ
SS.3.2	SS.3.2.51	H	editorial-surface	other	ko 	'		th	ko tha	'tha
SS.3.2	SS.3.2.55	H	editorial-surface	punctuation	 		sa	sa	niśvāsocchvāsa saṃkṣobhaḥ svapnāṅ	niśvāsocchvāsasaṃkṣobhasvapnāṅ
SS.3.2	SS.3.2.55	H	editorial-surface	deletion	ḥ 		ha	sv	niśvāsocchvāsa saṃkṣobhaḥ svapnāṅ	niśvāsocchvāsasaṃkṣobhasvapnāṅ
SS.3.2	SS.3.2.57	H	editorial-surface	insertion		a	s	tt	sttāna bahulāḥ	sattvabahulāḥ
SS.3.2	SS.3.2.57	H	editorial-surface	other	ān	v	tt	a 	sttāna bahulāḥ	sattvabahulāḥ
SS.3.2	SS.3.2.57	H	editorial-surface	punctuation	 		na	ba	sttāna bahulāḥ	sattvabahulāḥ
SS.3.3	SS.3.3.4	H	editorial-surface	sibilant	s	ś	hā	ay	garbbhāsayam	garbbhāśayam
SS.3.3	SS.3.3.4	H	editorial-surface	sibilant	s	ś	hā	ay	garbbhāsayam	garbbhāśayam
SS.3.3	SS.3.3.6.1	H	editorial-surface	insertion		†	| 	dv	vipadyate | dvitīye	vipadyate | †dvitīye
SS.3.3	SS.3.3.6.1	H	editorial-surface	insertion		†	te		vipadyate	vipadyate†
SS.3.3	SS.3.3.9	H	grouped-minor	punctuation	3		aṃ		niyamaṃ3	niyamaṃ
SS.3.3	SS.3.3.7	H	grouped-minor	nasal-anusvara	ṃ	n	sa	na	pīnaprasaṃnavadanāṃ	pīnaprasannavadanām
SS.3.3	SS.3.3.7	H	grouped-minor	nasal-anusvara	ṃ	m	nā		pīnaprasaṃnavadanāṃ	pīnaprasannavadanām
SS.3.3	SS.3.3.8	H	grouped-minor	nasal-anusvara	ṃ	m	ya		striyaṃ	striyam
SS.3.3	SS.3.3.13	H	grouped-minor	punctuation	 		yo	gṛ	sadyo gṛhītagarbbhāyāḥ śramo	sadyogṛhītagarbbhāyāḥ śramo
SS.3.3	SS.3.3.16	H	editorial-surface	sibilant	ṣ	ś	ar	aṇ	atikarṣaṇaṃ	atikarśanaṃ
SS.3.3	SS.3.3.16	H	editorial-surface	nasal-anusvara	ṇ	n	ṣa	aṃ	atikarṣaṇaṃ	atikarśanaṃ
SS.3.3	SS.3.3.18	H	editorial-surface	other	te 			ka	te kasmāt	kasmāt
SS.3.3	SS.3.3.18	H	editorial-surface	other	n	t	nā		dvauhṛdayavimānanān	dvauhṛdayavimānanāt
SS.3.3	SS.3.3.19	H	grouped-minor	other	m̐	ṃ	tā	s 	garbbhābādhabhayāt tām̐s tām	garbbhābādhabhayāt tāṃs tām
SS.3.3	SS.3.3.20	H	editorial-surface	other	am	ā	ṛd		samprāptadauhṛdam	samprāptadauhṛdā
SS.3.3	SS.3.3.21	H	grouped-minor	deletion	¦		de	 y	dauhṛde¦ yā	dauhṛde yā
SS.3.3	SS.3.3.23	H	grouped-minor	punctuation	 		ṭa	ka	dukūlapaṭṭa kauṣeya bhūṣaṇādiṣu	dukūlapaṭṭakauṣeyabhūṣaṇādiṣu
SS.3.3	SS.3.3.23	H	grouped-minor	punctuation	 		ya	bh	dukūlapaṭṭa kauṣeya bhūṣaṇādiṣu	dukūlapaṭṭakauṣeyabhūṣaṇādiṣu
SS.3.3	SS.3.3.23	H	editorial-surface	other	e	ai	ār	ṣi	alaṅkāreṣiṇam	alaṅkāraiṣiṇam
SS.3.3	SS.3.3.30	H	grouped-minor	nasal-anusvara	n	ṃ	mā	so	mānsodanaṃ	māṃsodanaṃ
SS.3.3	SS.3.3.31	H	editorial-surface	other	n	t	kā		niḥṣekān	niḥṣekāt
SS.3.3	SS.3.3.32	H	grouped-minor	punctuation	 		ra	mā	keśara mānsāsthi majjānaḥ	keśaramāṃsāsthimajjānaḥ
SS.3.3	SS.3.3.32	H	grouped-minor	nasal-anusvara	n	ṃ	mā	sā	keśara mānsāsthi majjānaḥ	keśaramāṃsāsthimajjānaḥ
SS.3.3	SS.3.3.32	H	grouped-minor	punctuation	 		hi	ma	keśara mānsāsthi majjānaḥ	keśaramāṃsāsthimajjānaḥ
SS.3.3	SS.3.3.33	H	grouped-minor	punctuation	 		ja	ra	pitṛjamātṛja rasajātmaja satvasātmyajāni	pitṛjamātṛjarasajātmajasatvasātmyajāni
SS.3.3	SS.3.3.33	H	grouped-minor	punctuation	 		ja	sa	pitṛjamātṛja rasajātmaja satvasātmyajāni	pitṛjamātṛjarasajātmajasatvasātmyajāni
SS.3.3	SS.3.3.33	H	editorial-surface	sibilant	s	ś	śa	ma	keśasmaśru danta nakha romāsthi retaḥ prabhṛtīni	keśaśmaśrudantanakharomāsthiretaḥprabhṛtīni
SS.3.3	SS.3.3.33	H	editorial-surface	punctuation	 		ru	da	keśasmaśru danta nakha romāsthi retaḥ prabhṛtīni	keśaśmaśrudantanakharomāsthiretaḥprabhṛtīni
SS.3.3	SS.3.3.33	H	editorial-surface	punctuation	 		ta	na	keśasmaśru danta nakha romāsthi retaḥ prabhṛtīni	keśaśmaśrudantanakharomāsthiretaḥprabhṛtīni
SS.3.3	SS.3.3.33	H	editorial-surface	punctuation	 		ha	ro	keśasmaśru danta nakha romāsthi retaḥ prabhṛtīni	keśaśmaśrudantanakharomāsthiretaḥprabhṛtīni
SS.3.3	SS.3.3.33	H	editorial-surface	punctuation	 		hi	re	keśasmaśru danta nakha romāsthi retaḥ prabhṛtīni	keśaśmaśrudantanakharomāsthiretaḥprabhṛtīni
SS.3.3	SS.3.3.33	H	editorial-surface	punctuation	 		aḥ	pr	keśasmaśru danta nakha romāsthi retaḥ prabhṛtīni	keśaśmaśrudantanakharomāsthiretaḥprabhṛtīni
SS.3.3	SS.3.3.33	H	grouped-minor	punctuation	 		jā	hṛ	māṃsaśoṇitamedomajjā hṛnnābhi yakṛtplīhāntragudaprabhṛtīni	māṃsaśoṇitamedomajjāhṛnnābhiyakṛtplīhāntragudaprabhṛtīni
SS.3.3	SS.3.3.33	H	grouped-minor	punctuation	 		hi	ya	māṃsaśoṇitamedomajjā hṛnnābhi yakṛtplīhāntragudaprabhṛtīni	māṃsaśoṇitamedomajjāhṛnnābhiyakṛtplīhāntragudaprabhṛtīni
SS.3.3	SS.3.3.34	H	editorial-surface	vowel-length	ā	a	pr	bh	droṇīprābhūtam	droṇīprabhūtam
SS.3.3	SS.3.3.36	H	grouped-minor	nasal-anusvara	ṃ	ṅ	a	ga	aṃgapratyaṃganirvṛttā ye	aṅgapratyaṅganirvṛttā ye
SS.3.3	SS.3.3.36	H	grouped-minor	nasal-anusvara	ṃ	ṅ	ya	ga	aṃgapratyaṃganirvṛttā ye	aṅgapratyaṅganirvṛttā ye
SS.3.9	SS.3.9.3	H	grouped-minor	punctuation		 	ag	at	samyagatrocyate	samyag atrocyate
SS.3.9	SS.3.9.5	H	grouped-minor	ba-va	v	b	ṣa	āh	skandhagrīvāśīrṣavāhavo	skandhagrīvāśīrṣabāhavo
SS.3.9	SS.3.9.11	H	editorial-surface	vowel-length	a	ā	dh		pañcādha	pañcādhā
SS.3.9	SS.3.9.11	H	editorial-surface	vowel-length	a	ā	dh		pañcādha	pañcādhā
SS.3.9	SS.3.9.7	H	grouped-minor	punctuation	 ||		ti		tarpayanti ||	tarpayanti
SS.3.9	SS.3.9.7	H	editorial-surface	sibilant	s	ś	vā	ay	pakvāsayakaṭīmūtravastigudameḍhrasakthīni	pakvāśayaikaṭīmūtrabastigudameḍhrasakthīni
SS.3.9	SS.3.9.7	H	editorial-surface	insertion		i	ya	ka	pakvāsayakaṭīmūtravastigudameḍhrasakthīni	pakvāśayaikaṭīmūtrabastigudameḍhrasakthīni
SS.3.9	SS.3.9.7	H	editorial-surface	ba-va	v	b	ra	as	pakvāsayakaṭīmūtravastigudameḍhrasakthīni	pakvāśayaikaṭīmūtrabastigudameḍhrasakthīni
SS.3.9	SS.3.9.9	H	editorial-surface	nasal-anusvara	ṃ	ṅ	ya	ga	cābhyaṃgapariśekāvagāhāvalepanavīryāṇy	cābhyaṅgapariṣekāvagāhāvalepanavīryāṇy
SS.3.9	SS.3.9.9	H	editorial-surface	sibilant	ś	ṣ	ri	ek	cābhyaṃgapariśekāvagāhāvalepanavīryāṇy	cābhyaṅgapariṣekāvagāhāvalepanavīryāṇy
SS.3.9	SS.3.9.9	H	grouped-minor	punctuation	 |		te		abhiprapadyante |	abhiprapadyante
SS.3.9	SS.3.9.9.add	H	editorial-surface	other	ās 	ai	ev	tā	evās tāḥ	evaitāḥ
SS.3.9	SS.3.9.9.add	H	editorial-surface	nasal-anusvara		n	ha	tī	vahatīndriyagocare	vahantīndriyagocare
SS.3.9	SS.3.9.12	H	grouped-minor	ba-va	v	b		as	vastimeḍhrañ ca	bastimeḍhrañ ca
SS.3.9	SS.3.9.12	H	grouped-minor	ba-va	v	b	ta	dh	mūtranirodhastavdhameḍhratā ca	mūtranirodhastabdhameḍhratā ca
SS.3.9	SS.3.9.12	H	grouped-minor	ba-va	v	b	ai	ya	klaivyaṃ	klaibyaṃ
SS.4.4	SS.4.4.7	H	grouped-minor	other	m̐	ṃ	hā	ś 	snehābhyaṅgopanāhām̐ś ca	snehābhyaṅgopanāhāṃś ca
SS.4.4	SS.4.4.9	H	editorial-surface	other	ī	a	th	ni	datvāsthīni	datvāsthani
SS.4.4	SS.4.4.10	H	grouped-minor	nasal-anusvara	ṃ	m	ta		chukradoṣacikitsitaṃ	chukradoṣacikitsitam
SS.4.4	SS.4.4.11	H	grouped-minor	nasal-anusvara	ṃ	ṅ	kā	ga	buddhimān | ekāṃgagam vā	buddhimān | ekāṅgagam vā
SS.4.4	SS.4.4.11	H	editorial-surface	nasal-anusvara	n	ñ	mā		matimān	matimāñ
SS.4.4	SS.4.4.14	H	editorial-surface	insertion		ḥ	di		hitaṃ | kākolyādi	hitaṃ | kākolyādiḥ
SS.4.4	SS.4.4.15	H	editorial-surface	other	ṃ	ḥ	ta		sarvvasnehasamāyutaṃ	sarvvasnehasamāyutaḥ
SS.4.4	SS.4.4.15	H	editorial-surface	sibilant	s	ś		āl	sālvalaḥ	śālvalaḥ
SS.4.4	SS.4.4.18	H	editorial-surface	other	i	a	dh	ga	vakṣastrikaskandhigatam	vakṣastrikaskandhagatam
SS.4.4	SS.4.4.19	H	grouped-minor	punctuation	 		ṛg	vi	cāsṛg vimokṣaṇaṃ	cāsṛgvimokṣaṇaṃ
SS.4.4	SS.4.4.21	H	grouped-minor	punctuation	 		ti	sn	basti snehavirecanaṃ	bastisnehavirecanaṃ
SS.4.4	SS.4.4.23	H	editorial-surface	gemination		a	c	a 	ca yat	caa yat
SS.4.4	SS.4.4.27	H	editorial-surface	vocalic-r	ṛ	ri	t	vṛ	tṛvṛddantīśaṅkhinīsuvarṇṇakṣīrītriphalāviḍaṅgānām	trivṛddantīśaṅkhinīsuvarṇṇakṣīrītriphalāviḍaṅgānām
SS.4.4	SS.4.4.27	H	editorial-surface	other	nā 			cā	nā cāśokaramyakayor	cāśokaramyakayor
SS.4.4	SS.4.4.28	H	editorial-surface	punctuation	 		ha	da	vātaghnauṣadha danta pratīvāyaṃ	vātaghnauṣadhadattapratīvāpaṃ
SS.4.4	SS.4.4.28	H	editorial-surface	other	n	t	da	ta	vātaghnauṣadha danta pratīvāyaṃ	vātaghnauṣadhadattapratīvāpaṃ
SS.4.4	SS.4.4.28	H	editorial-surface	punctuation	 		ta	pr	vātaghnauṣadha danta pratīvāyaṃ	vātaghnauṣadhadattapratīvāpaṃ
SS.4.4	SS.4.4.28	H	editorial-surface	other	y	p	vā	aṃ	vātaghnauṣadha danta pratīvāyaṃ	vātaghnauṣadhadattapratīvāpaṃ
SS.4.4	SS.4.4.28	H	editorial-surface	other		ro	ro	ge	vātarogeṣu	vātarorogeṣu
SS.4.4	SS.4.4.28	H	editorial-surface	nasal-anusvara	n	ṇ	a	ut	anutailadravyebhyo	aṇutailadravyebhyo
SS.4.4	SS.4.4.29	H	grouped-minor	punctuation	 		ma	ni	bhasma nirvvṛtām	bhasmanirvvṛtām
SS.4.4	SS.4.4.29	H	editorial-surface	vowel-length	a	ā	āv	n	yāvan	yāvān
SS.4.4	SS.4.4.29	H	editorial-surface	nasal-anusvara		ṃ	ya		aprativāravīya	aprativāravīyaṃ
SS.4.4	SS.4.4.30	H	editorial-surface	punctuation	 		ṭa	rū	gandharvvahastāṭa rūṣaka muṣkaka naktamāla pūtīkacitrakānām	gandharvvahastāṭarūṣakamuṣkakanaktamālapūtīkacitrakāṇām
SS.4.4	SS.4.4.30	H	editorial-surface	punctuation	 		ka	mu	gandharvvahastāṭa rūṣaka muṣkaka naktamāla pūtīkacitrakānām	gandharvvahastāṭarūṣakamuṣkakanaktamālapūtīkacitrakāṇām
SS.4.4	SS.4.4.30	H	editorial-surface	punctuation	 		ka	na	gandharvvahastāṭa rūṣaka muṣkaka naktamāla pūtīkacitrakānām	gandharvvahastāṭarūṣakamuṣkakanaktamālapūtīkacitrakāṇām
SS.4.4	SS.4.4.30	H	editorial-surface	punctuation	 		la	pū	gandharvvahastāṭa rūṣaka muṣkaka naktamāla pūtīkacitrakānām	gandharvvahastāṭarūṣakamuṣkakanaktamālapūtīkacitrakāṇām
SS.4.4	SS.4.4.30	H	editorial-surface	nasal-anusvara	n	ṇ	kā	ām	gandharvvahastāṭa rūṣaka muṣkaka naktamāla pūtīkacitrakānām	gandharvvahastāṭarūṣakamuṣkakanaktamālapūtīkacitrakāṇām
SS.4.4	SS.4.4.31	H	editorial-surface	nasal-anusvara		n	ṇā		snuhākāṇḍavārttākulavaṇā	snuhākāṇḍavārttākulavaṇān
SS.4.4	SS.4.4.31	H	grouped-minor	other	d	t |	he	 e	dahed etat	dahet | etat
SS.4.4	SS.4.4.32	H	editorial-surface	degemination	g		rg	a	viṃśativargga	viṃśativargaṃ
SS.4.4	SS.4.4.32	H	editorial-surface	nasal-anusvara		ṃ	ga		viṃśativargga	viṃśativargaṃ
SS.4.4	SS.4.4.32	H	editorial-surface	vowel-length	ā	a	kh	m	saphalamūlapatraśākhām	saphalamūlapatraśākham
SS.4.4	SS.4.4.trailer	H	grouped-minor	punctuation	 ||		ti	 v	iti || vātavyādhi cikitsitañ	iti vātavyādhicikitsitañ
SS.4.4	SS.4.4.trailer	H	grouped-minor	punctuation	 		hi	ci	iti || vātavyādhi cikitsitañ	iti vātavyādhicikitsitañ
SS.5.1	SS.5.1.3	K	editorial-surface	nasal-anusvara	ṃ	ñ	yā	 ś	chiṣyāṃ śaśāsāhata śāsanaḥ |	chiṣyāñ śaśāsāhataśāsanaḥ
SS.5.1	SS.5.1.3	K	editorial-surface	punctuation	 		ta	śā	chiṣyāṃ śaśāsāhata śāsanaḥ |	chiṣyāñ śaśāsāhataśāsanaḥ
SS.5.1	SS.5.1.3	K	editorial-surface	punctuation	 |		aḥ		chiṣyāṃ śaśāsāhata śāsanaḥ |	chiṣyāñ śaśāsāhataśāsanaḥ
SS.5.1	SS.5.1.5ab	K	editorial-surface	gemination		j	ij	ña	akiñcijñaṃ	akiñcijjñaṃ
SS.5.1	SS.5.1.5ab	H	editorial-surface	gemination		j	ij	ña	akiñcijñaṃ	akiñcijjñaṃ
SS.5.1	SS.5.1.8ab	K	grouped-minor	nasal-anusvara	ṃ	m	ta		satatotthitaṃ	satatotthitam
SS.5.1	SS.5.1.8ab	H	grouped-minor	nasal-anusvara	ṃ	m	ta		satatotthitaṃ	satatotthitam
SS.5.1	SS.5.1.17cd	K	grouped-minor	punctuation	 		ka	pū	saupodanika pūpikāḥ	saupodanikapūpikāḥ
SS.5.1	SS.5.1.20	K	grouped-minor	degemination	ṇ		rṇ	aṃ	bahusaṅkīrṇṇaṃ	bahusaṅkīrṇaṃ
SS.5.1	SS.5.1.20	K	editorial-surface	vowel-length	ā	a	oṭ	ye	sphoṭāyed vilikhed mahīṃ |	sphoṭayed vilikhed mahīm
SS.5.1	SS.5.1.20	K	editorial-surface	other	ṃ |	m	hī		sphoṭāyed vilikhed mahīṃ |	sphoṭayed vilikhed mahīm
SS.5.1	SS.5.1.20	H	editorial-surface	other	n	d	he	 m	sphoṭayed vilikhen mahīṃ |	sphoṭayed vilikhed mahīm
SS.5.1	SS.5.1.20	H	editorial-surface	other	ṃ |	m	hī		sphoṭayed vilikhen mahīṃ |	sphoṭayed vilikhed mahīm
SS.5.1	SS.5.1.21	K	grouped-minor	degemination	ṇ		ar	ṇa	vivarṇṇavaktro	vivarṇavaktro
SS.5.1	SS.5.1.21	H	grouped-minor	degemination	ṇ		ar	ṇa	vivarṇṇavaktro	vivarṇavaktro
SS.5.1	SS.5.1.25	K	editorial-surface	nasal-anusvara	 n		he		dantakāṣṭhe n	dantakāṣṭhe
SS.5.1	SS.5.1.25	H	editorial-surface	nasal-anusvara	 n		he		dantakāṣṭhe n	dantakāṣṭhe
SS.5.1	SS.5.1.25	K	editorial-surface	other		'n		na	napāne ca	'nnapāne ca
SS.5.1	SS.5.1.25	H	editorial-surface	other		'n		na	napāne ca	'nnapāne ca
SS.5.1	SS.5.1.33ab	H	grouped-minor	nasal-anusvara	m	ṃ	ra		asram	asraṃ
SS.5.1	SS.5.1.37	K	grouped-minor	punctuation	 		ra	go	śyāmendra gopa somotpalāni	śyāmendragopasomotpalāni
SS.5.1	SS.5.1.37	K	grouped-minor	punctuation	 		pa	so	śyāmendra gopa somotpalāni	śyāmendragopasomotpalāni
SS.5.1	SS.5.1.37	H	grouped-minor	punctuation	 		ra	go	śyāmendra gopa somotpalāni	śyāmendragopasomotpalāni
SS.5.1	SS.5.1.37	H	grouped-minor	punctuation	 		pa	so	śyāmendra gopa somotpalāni	śyāmendragopasomotpalāni
SS.5.1	SS.5.1.38	K	grouped-minor	avagraha		'		sy	syāṣṭhīlavaj jihvā	'syāṣṭhīlavaj jihvā
SS.5.1	SS.5.1.38	H	grouped-minor	avagraha		'		sy	syāṣṭhīlavaj jihvā	'syāṣṭhīlavaj jihvā
SS.5.1	SS.5.1.38	K	editorial-surface	avagraha		'		ra	rasavedanī |	'rasavedanī
SS.5.1	SS.5.1.38	K	editorial-surface	punctuation	 |		nī		rasavedanī |	'rasavedanī
SS.5.1	SS.5.1.38	H	editorial-surface	avagraha		'		ra	rasavedanī |	'rasavedanī
SS.5.1	SS.5.1.38	H	editorial-surface	punctuation	 |		nī		rasavedanī |	'rasavedanī
SS.5.1	SS.5.1.39	K	grouped-minor	nasal-anusvara	ṃ	m	ka		syād dantakāṣṭhikaṃ	syād dantakāṣṭhikam
SS.5.1	SS.5.1.39	H	grouped-minor	nasal-anusvara	ṃ	m	ka		syād dantakāṣṭhikaṃ	syād dantakāṣṭhikam
SS.5.1	SS.5.1.40	H	grouped-minor	degemination	c		rc	hā	mūrcchāṃ	mūrchāṃ
SS.5.1	SS.5.1.43	K	grouped-minor	nasal-anusvara	ṃ	m	na		virecanaṃ	virecanam
SS.5.1	SS.5.1.43	H	grouped-minor	nasal-anusvara	ṃ	m	na		virecanaṃ	virecanam
SS.5.1	SS.5.1.45	K	editorial-surface	sibilant		ś	tā		vikṛtā	vikṛtāś
SS.5.1	SS.5.1.45	H	editorial-surface	sibilant		ś	tā		vikṛtā	vikṛtāś
SS.5.1	SS.5.1.46	H	grouped-minor	punctuation	 		na	mā	śākasūpānna māṃsāni	śākasūpānnamāṃsāni
SS.5.1	SS.5.1.49	K	editorial-surface	punctuation	 		pa	ja	dhātakīpuṣpa jamvvāmrāsthi harīkakaiḥ |	dhātakīpuṣpajambvāmrāsthiharītakaiḥ
SS.5.1	SS.5.1.49	K	editorial-surface	ba-va	v	b	am	vā	dhātakīpuṣpa jamvvāmrāsthi harīkakaiḥ |	dhātakīpuṣpajambvāmrāsthiharītakaiḥ
SS.5.1	SS.5.1.49	K	editorial-surface	punctuation	 		hi	ha	dhātakīpuṣpa jamvvāmrāsthi harīkakaiḥ |	dhātakīpuṣpajambvāmrāsthiharītakaiḥ
SS.5.1	SS.5.1.49	K	editorial-surface	other	k	t	rī	ak	dhātakīpuṣpa jamvvāmrāsthi harīkakaiḥ |	dhātakīpuṣpajambvāmrāsthiharītakaiḥ
SS.5.1	SS.5.1.49	K	editorial-surface	punctuation	 |		iḥ		dhātakīpuṣpa jamvvāmrāsthi harīkakaiḥ |	dhātakīpuṣpajambvāmrāsthiharītakaiḥ
SS.5.1	SS.5.1.49	H	editorial-surface	punctuation	 		pa	ja	dhātakīpuṣpa jamvvāmrāsthi harītakaiḥ |	dhātakīpuṣpajambvāmrāsthiharītakaiḥ
SS.5.1	SS.5.1.49	H	editorial-surface	ba-va	v	b	am	vā	dhātakīpuṣpa jamvvāmrāsthi harītakaiḥ |	dhātakīpuṣpajambvāmrāsthiharītakaiḥ
SS.5.1	SS.5.1.49	H	editorial-surface	punctuation	 		hi	ha	dhātakīpuṣpa jamvvāmrāsthi harītakaiḥ |	dhātakīpuṣpajambvāmrāsthiharītakaiḥ
SS.5.1	SS.5.1.49	H	editorial-surface	punctuation	 |		iḥ		dhātakīpuṣpa jamvvāmrāsthi harītakaiḥ |	dhātakīpuṣpajambvāmrāsthiharītakaiḥ
SS.5.1	SS.5.1.50	K	editorial-surface	deletion	d 			vā	d vāpi	vāpi
SS.5.1	SS.5.1.50	H	editorial-surface	deletion	d 			vā	d vāpi	vāpi
SS.5.1	SS.5.1.50	H	grouped-minor	degemination	t		ar	ta	karttavyaṃ	kartavyaṃ
SS.5.1	SS.5.1.51	K	editorial-surface	ba-va	v	b		ah	vahalo	bahalo
SS.5.1	SS.5.1.51	H	editorial-surface	ba-va	v	b		ah	vahalo	bahalo
SS.5.1	SS.5.1.51	H	grouped-minor	degemination	ṇ		rṇ	aś	vivarṇṇaś ca	vivarṇaś ca
SS.5.1	SS.5.1.52	K	grouped-minor	punctuation	 		ṭā	ja	sphoṭā janmarujāsrāvas	sphoṭājanmarujāsrāvas
SS.5.1	SS.5.1.52	K	grouped-minor	punctuation	 |		ca		eva ca |	eva ca
SS.5.1	SS.5.1.54	H	grouped-minor	nasal-anusvara	m	ṃ	yā		kapittharasapatrābhyām	kapittharasapatrābhyāṃ
SS.5.1	SS.5.1.57	K	grouped-minor	punctuation	 		ta	śy	ṛkṣapittaghṛta śyāmāpālindī taṇḍulīyakaiḥ	ṛkṣapittaghṛtaśyāmāpālindītaṇḍulīyakaiḥ
SS.5.1	SS.5.1.57	K	grouped-minor	punctuation	 		dī	ta	ṛkṣapittaghṛta śyāmāpālindī taṇḍulīyakaiḥ	ṛkṣapittaghṛtaśyāmāpālindītaṇḍulīyakaiḥ
SS.5.1	SS.5.1.57	H	grouped-minor	punctuation	 		ta	śy	ṛkṣapittaghṛta śyāmāpālindī taṇḍulīyakaiḥ	ṛkṣapittaghṛtaśyāmāpālindītaṇḍulīyakaiḥ
SS.5.1	SS.5.1.57	H	grouped-minor	punctuation	 		dī	ta	ṛkṣapittaghṛta śyāmāpālindī taṇḍulīyakaiḥ	ṛkṣapittaghṛtaśyāmāpālindītaṇḍulīyakaiḥ
SS.5.1	SS.5.1.58	H	grouped-minor	degemination	ṇ		rṇ	yā	mūṣikakarṇṇyā vā	mūṣikakarṇyā vā
SS.5.1	SS.5.1.59	K	editorial-surface	other	nā		ha	va	sādhayed avalekhanāvat |	sādhayed avalekhavat
SS.5.1	SS.5.1.59	K	editorial-surface	punctuation	 |		at		sādhayed avalekhanāvat |	sādhayed avalekhavat
SS.5.1	SS.5.1.60	K	grouped-minor	punctuation	 		ka	pr	padminīkaṇṭaka prakhyaiḥ	padminīkaṇṭakaprakhyaiḥ
SS.5.1	SS.5.1.62	K	grouped-minor	nasal-anusvara	ṅ	ṃ	ya		asvāsthyaṅ	asvāsthyaṃ
SS.5.1	SS.5.1.62	K	editorial-surface	other	aṃm		an	ās	sphoṭanaṃmāsrāvau	sphoṭanāsrāvau
SS.5.1	SS.5.1.62	H	editorial-surface	other	aṃ 	ā	an	sr	sphoṭanaṃ srāvau	sphoṭanāsrāvau
SS.5.1	SS.5.1.62	K	grouped-minor	punctuation	 		ka	me	muṣka meḍhra gudeṣv	muṣkameḍhragudeṣv
SS.5.1	SS.5.1.62	K	grouped-minor	punctuation	 		ra	gu	muṣka meḍhra gudeṣv	muṣkameḍhragudeṣv
SS.5.1	SS.5.1.62	H	grouped-minor	punctuation	 		ka	me	muṣka meḍhra gudeṣv	muṣkameḍhragudeṣv
SS.5.1	SS.5.1.62	H	grouped-minor	punctuation	 		ra	gu	muṣka meḍhra gudeṣv	muṣkameḍhragudeṣv
SS.5.1	SS.5.1.63	K	grouped-minor	nasal-anusvara	ṃ	ṅ	ya	ga	tatrābhyaṃgavad ācaṣṭe	tatrābhyaṅgavad ācaṣṭe
SS.5.1	SS.5.1.63	K	grouped-minor	nasal-anusvara	ṃ	m	yā		kriyāṃ	kriyām
SS.5.1	SS.5.1.63	H	grouped-minor	nasal-anusvara	ṃ	m	yā		kriyāṃ	kriyām
SS.5.1	SS.5.1.64	K	editorial-surface	insertion		r	pi		sarpi	sarpir
SS.5.1	SS.5.1.64	H	editorial-surface	insertion		r	pi		sarpi	sarpir
SS.5.1	SS.5.1.65	H	grouped-minor	nasal-anusvara	m	ṃ	ya		nasyam	nasyaṃ
SS.5.1	SS.5.1.66	K	editorial-surface	ba-va	v	b		āṣ	vāṣpikaṃ	bāṣpikaṃ
SS.5.1	SS.5.1.66	H	editorial-surface	ba-va	v	b		āṣ	vāṣpikaṃ	bāṣpikaṃ
SS.5.1	SS.5.1.68	H	grouped-minor	nasal-anusvara	ṃ	m	ta		kṣaudrasaṃyutaṃ	kṣaudrasaṃyutam
SS.5.1	SS.5.1.71cd	H	editorial-surface	punctuation	 		ha	me	kapittha meṣaśrṛṅgābhyām	kapitthameṣaśṛṅgābhyām
SS.5.1	SS.5.1.71cd	H	editorial-surface	deletion	r		aś	ṛṅ	kapittha meṣaśrṛṅgābhyām	kapitthameṣaśṛṅgābhyām
SS.5.1	SS.5.1.73	H	grouped-minor	nasal-anusvara	m	ṃ	yā		viṣaduṣṭābhyām	viṣaduṣṭābhyāṃ
SS.5.1	SS.5.1.73	H	grouped-minor	nasal-anusvara	m	ṃ	yā		pādukābhyām	pādukābhyāṃ
SS.5.1	SS.5.1.74	H	grouped-minor	punctuation	 		dā	ra	dāhapākāvadā raṇaiḥ	dāhapākāvadāraṇaiḥ
SS.5.1	SS.5.1.76	H	grouped-minor	other	m̐	ṃ	vā	s	upadravām̐s	upadravāṃs
SS.5.1	SS.5.1.80	H	grouped-minor	nasal-anusvara	m	ṃ	ta		amṛtam	amṛtaṃ
SS.5.1	SS.5.1.80	H	grouped-minor	degemination	p		rp	iḥ	abhuktavān | sarppiḥ	abhuktavān | sarpiḥ
SS.5.1	SS.5.1.80	H	grouped-minor	nasal-anusvara	n	ṃ	ra		kṣaudran	kṣaudraṃ
SS.5.1	SS.5.1.80	K	editorial-surface	ba-va	v	b	pi	ed	pived vā	pibed vā
SS.5.1	SS.5.1.80	H	editorial-surface	ba-va	v	b	pi	ed	pived vā	pibed vā
SS.5.1	SS.5.1.81	K	editorial-surface	nasal-anusvara		ṃ	sā	s	rasās	rasāṃs
SS.5.1	SS.5.1.81	H	editorial-surface	nasal-anusvara		ṃ	sā	s	rasās	rasāṃs
SS.5.1	SS.5.1.82	H	grouped-minor	degemination	k		ar	ka	śarkkaran	śarkaran
SS.5.1	SS.5.1.84	K	editorial-surface	ba-va	v	b	im	ay	nimvayūṣa	nimbayūṣa
SS.5.1	SS.5.1.84	H	editorial-surface	ba-va	v	b	im	ay	nimvayūṣa	nimbayūṣa
SS.5.1	SS.5.1.85	H	grouped-minor	nasal-anusvara	m	ṃ	ta		pītam	pītaṃ
SS.5.2	SS.5.2.4	K	grouped-minor	nasal-anusvara	ṃ	m	ta		smṛtaṃ	smṛtam
SS.5.2	SS.5.2.4	H	grouped-minor	nasal-anusvara	ṃ	m	ta		smṛtaṃ	smṛtam
SS.5.2	SS.5.2.5a	K	grouped-minor	punctuation	 		ka	gu	klītakāśvamāraka guñjā subhaṅgurā karaṭā vidyucchikhānanta vijayā	klītakāśvamārakaguñjāsubhaṅgurākaraṭāvidyucchikhānantavijayā
SS.5.2	SS.5.2.5a	K	grouped-minor	punctuation	 		jā	su	klītakāśvamāraka guñjā subhaṅgurā karaṭā vidyucchikhānanta vijayā	klītakāśvamārakaguñjāsubhaṅgurākaraṭāvidyucchikhānantavijayā
SS.5.2	SS.5.2.5a	K	grouped-minor	punctuation	 		rā	ka	klītakāśvamāraka guñjā subhaṅgurā karaṭā vidyucchikhānanta vijayā	klītakāśvamārakaguñjāsubhaṅgurākaraṭāvidyucchikhānantavijayā
SS.5.2	SS.5.2.5a	K	grouped-minor	punctuation	 		ṭā	vi	klītakāśvamāraka guñjā subhaṅgurā karaṭā vidyucchikhānanta vijayā	klītakāśvamārakaguñjāsubhaṅgurākaraṭāvidyucchikhānantavijayā
SS.5.2	SS.5.2.5a	K	grouped-minor	punctuation	 		ta	vi	klītakāśvamāraka guñjā subhaṅgurā karaṭā vidyucchikhānanta vijayā	klītakāśvamārakaguñjāsubhaṅgurākaraṭāvidyucchikhānantavijayā
SS.5.2	SS.5.2.5a	H	grouped-minor	punctuation	 		ka	gu	klītakāśvamāraka guñjā subhaṅgurā karaṭā vidyucchikhānanta vijayā	klītakāśvamārakaguñjāsubhaṅgurākaraṭāvidyucchikhānantavijayā
SS.5.2	SS.5.2.5a	H	grouped-minor	punctuation	 		jā	su	klītakāśvamāraka guñjā subhaṅgurā karaṭā vidyucchikhānanta vijayā	klītakāśvamārakaguñjāsubhaṅgurākaraṭāvidyucchikhānantavijayā
SS.5.2	SS.5.2.5a	H	grouped-minor	punctuation	 		rā	ka	klītakāśvamāraka guñjā subhaṅgurā karaṭā vidyucchikhānanta vijayā	klītakāśvamārakaguñjāsubhaṅgurākaraṭāvidyucchikhānantavijayā
SS.5.2	SS.5.2.5a	H	grouped-minor	punctuation	 		ṭā	vi	klītakāśvamāraka guñjā subhaṅgurā karaṭā vidyucchikhānanta vijayā	klītakāśvamārakaguñjāsubhaṅgurākaraṭāvidyucchikhānantavijayā
SS.5.2	SS.5.2.5a	H	grouped-minor	punctuation	 		ta	vi	klītakāśvamāraka guñjā subhaṅgurā karaṭā vidyucchikhānanta vijayā	klītakāśvamārakaguñjāsubhaṅgurākaraṭāvidyucchikhānantavijayā
SS.5.2	SS.5.2.5c	H	grouped-minor	punctuation	 		ra	vi	guñjāruṣkara viṣavedikādīnāṃ	guñjāruṣkaraviṣavedikādīnāṃ
SS.5.2	SS.5.2.5d	K	grouped-minor	punctuation	 		ka	re	ullika reṇu karambha mahākarambhādīnāṃ	ullikareṇukarambhamahākarambhādīnāṃ
SS.5.2	SS.5.2.5d	K	grouped-minor	punctuation	 		ṇu	ka	ullika reṇu karambha mahākarambhādīnāṃ	ullikareṇukarambhamahākarambhādīnāṃ
SS.5.2	SS.5.2.5d	K	grouped-minor	punctuation	 		ha	ma	ullika reṇu karambha mahākarambhādīnāṃ	ullikareṇukarambhamahākarambhādīnāṃ
SS.5.2	SS.5.2.5e	K	grouped-minor	punctuation	 		ja	ka	vallija karaghāṭaka karambha nārācakādīnāṃ	vallijakaraghāṭakakarambhanārācakādīnāṃ
SS.5.2	SS.5.2.5e	K	grouped-minor	punctuation	 		ka	ka	vallija karaghāṭaka karambha nārācakādīnāṃ	vallijakaraghāṭakakarambhanārācakādīnāṃ
SS.5.2	SS.5.2.5e	K	grouped-minor	punctuation	 		ha	nā	vallija karaghāṭaka karambha nārācakādīnāṃ	vallijakaraghāṭakakarambhanārācakādīnāṃ
SS.5.2	SS.5.2.5e	H	grouped-minor	punctuation	 		ja	ka	vallija karaghāṭaka karambha nārācakādīnāṃ	vallijakaraghāṭakakarambhanārācakādīnāṃ
SS.5.2	SS.5.2.5e	H	grouped-minor	punctuation	 		ka	ka	vallija karaghāṭaka karambha nārācakādīnāṃ	vallijakaraghāṭakakarambhanārācakādīnāṃ
SS.5.2	SS.5.2.5e	H	grouped-minor	punctuation	 		ha	nā	vallija karaghāṭaka karambha nārācakādīnāṃ	vallijakaraghāṭakakarambhanārācakādīnāṃ
SS.5.2	SS.5.2.5f	K	grouped-minor	punctuation	 		ti	da	kumudavati dantī snuhā jālinī prabhṛtīnāṃ	kumudavatidantīsnuhājālinīprabhṛtīnāṃ
SS.5.2	SS.5.2.5f	K	grouped-minor	punctuation	 		tī	sn	kumudavati dantī snuhā jālinī prabhṛtīnāṃ	kumudavatidantīsnuhājālinīprabhṛtīnāṃ
SS.5.2	SS.5.2.5f	K	grouped-minor	punctuation	 		hā	jā	kumudavati dantī snuhā jālinī prabhṛtīnāṃ	kumudavatidantīsnuhājālinīprabhṛtīnāṃ
SS.5.2	SS.5.2.5f	K	grouped-minor	punctuation	 		nī	pr	kumudavati dantī snuhā jālinī prabhṛtīnāṃ	kumudavatidantīsnuhājālinīprabhṛtīnāṃ
SS.5.2	SS.5.2.5f	H	grouped-minor	punctuation	 		ti	da	kumudavati dantī snuhājālinī prabhṛtīnāṃ	kumudavatidantīsnuhājālinīprabhṛtīnāṃ
SS.5.2	SS.5.2.5f	H	grouped-minor	punctuation	 		tī	sn	kumudavati dantī snuhājālinī prabhṛtīnāṃ	kumudavatidantīsnuhājālinīprabhṛtīnāṃ
SS.5.2	SS.5.2.5f	H	grouped-minor	punctuation	 		nī	pr	kumudavati dantī snuhājālinī prabhṛtīnāṃ	kumudavatidantīsnuhājālinīprabhṛtīnāṃ
SS.5.2	SS.5.2.5g	H	grouped-minor	punctuation	 		la	ph	haritāla phenāśma bhasma rakta prabhṛtīni	haritālaphenāśmabhasmaraktaprabhṛtīni
SS.5.2	SS.5.2.5g	H	grouped-minor	punctuation	 		ma	bh	haritāla phenāśma bhasma rakta prabhṛtīni	haritālaphenāśmabhasmaraktaprabhṛtīni
SS.5.2	SS.5.2.5g	H	grouped-minor	punctuation	 		ma	ra	haritāla phenāśma bhasma rakta prabhṛtīni	haritālaphenāśmabhasmaraktaprabhṛtīni
SS.5.2	SS.5.2.5g	H	grouped-minor	punctuation	 		ta	pr	haritāla phenāśma bhasma rakta prabhṛtīni	haritālaphenāśmabhasmaraktaprabhṛtīni
SS.5.2	SS.5.2.7	K	editorial-surface	nasal-anusvara	ṃ 		na	śv	jṛmbhaṇodveṣṭanaṃ śvāsāḥ	jṛmbhaṇodveṣṭanaśvāsā
SS.5.2	SS.5.2.7	K	editorial-surface	deletion	ḥ		sā		jṛmbhaṇodveṣṭanaṃ śvāsāḥ	jṛmbhaṇodveṣṭanaśvāsā
SS.5.2	SS.5.2.7	H	editorial-surface	nasal-anusvara	n	ṇ	ha	od	jṛmbhanodveṣṭanaśvāsā	jṛmbhaṇodveṣṭanaśvāsā
SS.5.2	SS.5.2.7	H	grouped-minor	degemination	n			nṛ	nnṛṇāṃ	nṛṇāṃ
SS.5.2	SS.5.2.8	H	grouped-minor	degemination	d			dā	ddāhodveṣṭanam	dāhodveṣṭanam
SS.5.2	SS.5.2.10	H	grouped-minor	degemination	v			vi	vviḍbhedo	viḍbhedo
SS.5.2	SS.5.2.13	H	grouped-minor	degemination	b		ur	ba	grīvādaurbbalyavāksaṅgau	grīvādaurbalyavāksaṅgau
SS.5.2	SS.5.2.14	K	grouped-minor	avagraha		'		kṣ	kṣṇoś	'kṣṇoś
SS.5.2	SS.5.2.15	K	grouped-minor	punctuation	.		ra	kī	pra.kīrtitau	prakīrtitau
SS.5.2	SS.5.2.15	H	grouped-minor	degemination	t		rt	it	prakīrttitau	prakīrtitau
SS.5.2	SS.5.2.19ab	H	grouped-minor	degemination	g			gu	gguṇaiḥ	guṇaiḥ
SS.5.2	SS.5.2.21	H	grouped-minor	degemination	m		ar	ma	marmmabandhāñ	marmabandhāñ
SS.5.2	SS.5.2.21	H	editorial-surface	insertion		a	ik	ra	saukṣmyāc charīrāvayavān praviśed vikrayeta	saukṣmyāc charīrāvayavān praviśed vikaroti
SS.5.2	SS.5.2.21	H	editorial-surface	other	aye	o	kr	ta	saukṣmyāc charīrāvayavān praviśed vikrayeta	saukṣmyāc charīrāvayavān praviśed vikaroti
SS.5.2	SS.5.2.21	H	editorial-surface	other	a	i	et		saukṣmyāc charīrāvayavān praviśed vikrayeta	saukṣmyāc charīrāvayavān praviśed vikaroti
SS.5.2	SS.5.2.22	H	grouped-minor	nasal-anusvara	m	ṃ	ti		vyavāyāt prakṛtim	vyavāyāt prakṛtiṃ
SS.5.2	SS.5.2.23	H	grouped-minor	degemination	d			du	dduścikitsañ ca	duścikitsañ ca
SS.5.2	SS.5.2.23	H	grouped-minor	degemination	n		rn	ir	lāghavāt | durnnirharam	lāghavāt | durnirharam
SS.5.2	SS.5.2.24	H	grouped-minor	degemination	t		rt	ya	marttyaṃ	martyaṃ
SS.5.2	SS.5.2.27	H	grouped-minor	punctuation	 		na	pu	bhinna purīṣa varṇṇo	bhinnapurīṣavarṇo
SS.5.2	SS.5.2.27	H	grouped-minor	punctuation	 		ṣa	va	bhinna purīṣa varṇṇo	bhinnapurīṣavarṇo
SS.5.2	SS.5.2.27	H	grouped-minor	degemination	ṇ		rṇ	o	bhinna purīṣa varṇṇo	bhinnapurīṣavarṇo
SS.5.2	SS.5.2.27	K	grouped-minor	punctuation	 		ha	va	vidagdha vairasya yutaḥ	vidagdhavairasyayutaḥ
SS.5.2	SS.5.2.27	K	grouped-minor	punctuation	 		ya	yu	vidagdha vairasya yutaḥ	vidagdhavairasyayutaḥ
SS.5.2	SS.5.2.27	H	grouped-minor	punctuation	 		ha	va	vidagdha vairasya yutaḥ	vidagdhavairasyayutaḥ
SS.5.2	SS.5.2.27	H	grouped-minor	punctuation	 		ya	yu	vidagdha vairasya yutaḥ	vidagdhavairasyayutaḥ
SS.5.2	SS.5.2.27	H	grouped-minor	degemination	t		rt	yo	gadgadavākyamarttyo	gadgadavākyamartyo
SS.5.2	SS.5.2.28	H	grouped-minor	punctuation	 		ha	vā	kapha vātarogī	kaphavātarogī
SS.5.2	SS.5.2.28	K	grouped-minor	nasal-anusvara	ṃ	ṅ	hā	go	bhavet samudhvastaśiroruhāṃgo	bhavet samudhvastaśiroruhāṅgo
SS.5.2	SS.5.2.28	H	grouped-minor	degemination	d		mu	dh	bhavet samuddhvastaśiroruhāṅgo	bhavet samudhvastaśiroruhāṅgo
SS.5.2	SS.5.2.29	H	grouped-minor	punctuation	 		la	du	śītānila durddineṣu	śītāniladurdineṣu
SS.5.2	SS.5.2.29	H	grouped-minor	degemination	d		ur	di	śītānila durddineṣu	śītāniladurdineṣu
SS.5.2	SS.5.2.29	K	grouped-minor	nasal-anusvara	ṃ	m	ga		liṅgaṃ	liṅgam
SS.5.2	SS.5.2.29	H	grouped-minor	nasal-anusvara	ṃ	m	ga		liṅgaṃ	liṅgam
SS.5.2	SS.5.2.30	K	grouped-minor	nasal-anusvara	ṃ	m	da		athavāṅgamardaṃ	athavāṅgamardam
SS.5.2	SS.5.2.30	H	grouped-minor	degemination	d		rd	aṃ	athavāṅgamarddaṃ	athavāṅgamardam
SS.5.2	SS.5.2.30	H	grouped-minor	nasal-anusvara	ṃ	m	da		athavāṅgamarddaṃ	athavāṅgamardam
SS.5.2	SS.5.2.30	K	grouped-minor	punctuation	 		la	ko	maṇḍala koṭhatāñ	maṇḍalakoṭhatāñ
SS.5.2	SS.5.2.30	H	grouped-minor	punctuation	 		la	ko	maṇḍala koṭhatāñ	maṇḍalakoṭhatāñ
SS.5.2	SS.5.2.31	H	grouped-minor	nasal-anusvara	n	ṃ	mā	sa	mānsakṣayam	māṃsakṣayaṃ
SS.5.2	SS.5.2.31	H	grouped-minor	nasal-anusvara	m	ṃ	ya		mānsakṣayam	māṃsakṣayaṃ
SS.5.2	SS.5.2.31	K	editorial-surface	nasal-anusvara		ñ	ka		pralepaka	pralepakañ
SS.5.2	SS.5.2.31	H	editorial-surface	other	ś	ñ	ka		pralepakaś	pralepakañ
SS.5.2	SS.5.2.31	H	grouped-minor	degemination	d		rd	im	charddim	chardim
SS.5.2	SS.5.2.31	H	grouped-minor	other	m̐	ṃ	rā	ś 	śvāsatṛṣājvarām̐ś ca	śvāsatṛṣājvarāṃś ca
SS.5.2	SS.5.2.31	H	grouped-minor	nasal-anusvara	ñ	ṃ	hi		kuryāt pravṛddhiñ	kuryāt pravṛddhiṃ
SS.5.2	SS.5.2.32	H	grouped-minor	nasal-anusvara	ṃ	m	ra		śukraṃ	śukram
SS.5.2	SS.5.2.32	H	grouped-minor	other	m̐	ṃ	rā	ś 	tān vikārām̐ś ca	tān vikārāṃś ca
SS.5.2	SS.5.2.33	H	grouped-minor	nasal-anusvara	n	ṃ	tu		dūṣayed dhātun	dūṣayed dhātuṃ
SS.5.2	SS.5.2.35	K	grouped-minor	punctuation	 		ya	pr	cāmāśaya prāptaṃ	cāmāśayaprāptaṅ
SS.5.2	SS.5.2.35	K	grouped-minor	nasal-anusvara	ṃ	ṅ	ta		cāmāśaya prāptaṃ	cāmāśayaprāptaṅ
SS.5.2	SS.5.2.35	H	grouped-minor	punctuation	 		ya	pr	cāmāśaya prāptaṅ	cāmāśayaprāptaṅ
SS.5.2	SS.5.2.36	H	grouped-minor	nasal-anusvara	ṃ	m	śa		bhṛśaṃ	bhṛśam
SS.5.2	SS.5.2.36	H	grouped-minor	degemination	b		rb	al	durbbale	durbale
SS.5.2	SS.5.2.39	H	grouped-minor	nasal-anusvara	ṃ	ñ	sa	jñ	saṃjñāpraṇāśaś ca	sañjñāpraṇāśaś ca
SS.5.2	SS.5.2.39	H	grouped-minor	nasal-anusvara	ñ	ṃ	śa		bhṛśañ	bhṛśaṃ
SS.5.2	SS.5.2.40	H	grouped-minor	degemination	m		ir	ma	sarpirmmadhubhyāṃ	sarpirmadhubhyāṃ
SS.5.2	SS.5.2.40	K	grouped-minor	nasal-anusvara	ṃ	m	ra		pāyayen naraṃ	pāyayen naram
SS.5.2	SS.5.2.41	H	grouped-minor	punctuation	|		 |	 t	pāyayet || tṛtīye	pāyayet | tṛtīye
SS.5.2	SS.5.2.42	H	grouped-minor	nasal-anusvara	ñ	ṃ	hu		sindhuñ	sindhuṃ
SS.5.2	SS.5.2.42	H	grouped-minor	punctuation	|		 |	 p	pāyayed bhiṣak || pañcame	pāyayed bhiṣak | pañcame
SS.5.2	SS.5.2.44	K	grouped-minor	nasal-anusvara	ṃ	m	hā		dadyād viṣāpahāṃ	dadyād viṣāpahām
SS.5.2	SS.5.2.45	H	grouped-minor	nasal-anusvara	ṃ	m	ya		bṛhatīdvayaṃ	bṛhatīdvayam
SS.5.2	SS.5.2.48	H	grouped-minor	nasal-anusvara	ṃ	ṅ	ya	gu	priyaṃgu	priyaṅgu
SS.5.2	SS.5.2.48	K	grouped-minor	nasal-anusvara	ṅ	ṃ	vā	śu	sārivāṅśumatī	sārivāṃśumatī
SS.5.2	SS.5.2.49	H	grouped-minor	degemination	v		rv	āṇ	sarvvāṇi	sarvāṇi
SS.5.2	SS.5.2.50	H	grouped-minor	nasal-anusvara	n	ṃ	da		idan	idaṃ
SS.5.2	SS.5.2.50	K	grouped-minor	nasal-anusvara	ṃ	m	ha		dūṣīviṣāpahaṃ	dūṣīviṣāpaham
SS.5.2	SS.5.2.50	H	grouped-minor	nasal-anusvara	ṃ	m	ha		dūṣīviṣāpahaṃ	dūṣīviṣāpaham
SS.5.2	SS.5.2.51	H	grouped-minor	nasal-anusvara	ṃ	ṅ	ka		bālakaṃ	bālakaṅ
SS.5.2	SS.5.2.52	H	grouped-minor	degemination	n			nā	nnāmnā tu na	nāmnā tu na
SS.5.2	SS.5.2.53	H	grouped-minor	nasal-anusvara	n	ṃ	yā		murcchāyān	murcchāyāṃ
SS.5.2	SS.5.2.55	H	grouped-minor	degemination	j		ar	ja	varjjanīyam	varjanīyam
SS.5.2	SS.5.2.55	K	editorial-surface	other	to 	'		ny	to nyad ahitāśina ||	'nyad ahitāśinaḥ
SS.5.2	SS.5.2.55	K	editorial-surface	other	 ||	ḥ	na		to nyad ahitāśina ||	'nyad ahitāśinaḥ
SS.5.2	SS.5.2.55	H	editorial-surface	other	 ||	ḥ	na		'nyad ahitāśina ||	'nyad ahitāśinaḥ
SS.5.3	SS.5.3.5.1	H	grouped-minor	punctuation	 		sa	dṛ	niśvāsa dṛṣṭiviṣā	niśvāsadṛṣṭiviṣāḥ
SS.5.3	SS.5.3.5.1	H	grouped-minor	insertion		ḥ	ṣā		niśvāsa dṛṣṭiviṣā	niśvāsadṛṣṭiviṣāḥ
SS.5.3	SS.5.3.5.4	K	grouped-minor	punctuation	 		pa	pi	kiṭipa picciṭā kaṣāyavāsika sarṣapaka toṭaka varcaḥkīṭāḥ	kiṭipapicciṭākaṣāyavāsikasarṣapakatoṭakavarcaḥkīṭāḥ
SS.5.3	SS.5.3.5.4	K	grouped-minor	punctuation	 		ṭā	ka	kiṭipa picciṭā kaṣāyavāsika sarṣapaka toṭaka varcaḥkīṭāḥ	kiṭipapicciṭākaṣāyavāsikasarṣapakatoṭakavarcaḥkīṭāḥ
SS.5.3	SS.5.3.5.4	K	grouped-minor	punctuation	 		ka	sa	kiṭipa picciṭā kaṣāyavāsika sarṣapaka toṭaka varcaḥkīṭāḥ	kiṭipapicciṭākaṣāyavāsikasarṣapakatoṭakavarcaḥkīṭāḥ
SS.5.3	SS.5.3.5.4	K	grouped-minor	punctuation	 		ka	to	kiṭipa picciṭā kaṣāyavāsika sarṣapaka toṭaka varcaḥkīṭāḥ	kiṭipapicciṭākaṣāyavāsikasarṣapakatoṭakavarcaḥkīṭāḥ
SS.5.3	SS.5.3.5.4	K	grouped-minor	punctuation	 		ka	va	kiṭipa picciṭā kaṣāyavāsika sarṣapaka toṭaka varcaḥkīṭāḥ	kiṭipapicciṭākaṣāyavāsikasarṣapakatoṭakavarcaḥkīṭāḥ
SS.5.3	SS.5.3.5.4	H	grouped-minor	deletion	ḥ		yā		kauṇḍinyāḥ	kauṇḍinyā
SS.5.3	SS.5.3.5.10	H	grouped-minor	degemination	p		rp	a 	sarppa kaṇṭaka varaki matsyāsthi	sarpakaṇṭakavarakimatsyāsthi
SS.5.3	SS.5.3.5.10	H	grouped-minor	punctuation	 		pa	ka	sarppa kaṇṭaka varaki matsyāsthi	sarpakaṇṭakavarakimatsyāsthi
SS.5.3	SS.5.3.5.10	H	grouped-minor	punctuation	 		ka	va	sarppa kaṇṭaka varaki matsyāsthi	sarpakaṇṭakavarakimatsyāsthi
SS.5.3	SS.5.3.5.10	H	grouped-minor	punctuation	 		ki	ma	sarppa kaṇṭaka varaki matsyāsthi	sarpakaṇṭakavarakimatsyāsthi
SS.5.3	SS.5.3.5.11	H	grouped-minor	punctuation	 		li	ma	śakali matsya raktarājīvakimatsyāḥ	śakalimatsyaraktarājīvakimatsyāḥ
SS.5.3	SS.5.3.5.11	H	grouped-minor	punctuation	 		ya	ra	śakali matsya raktarājīvakimatsyāḥ	śakalimatsyaraktarājīvakimatsyāḥ
SS.5.3	SS.5.3.5.12	K	grouped-minor	punctuation	 		ma	tu	sūkṣma tuṇḍocciṭiṅga vāraṭi śatapadi valabhikaśṛṅga bhramarāḥ	sūkṣmatuṇḍocciṭiṅgavāraṭiśatapadivalabhikaśṛṅgabhramarāḥ
SS.5.3	SS.5.3.5.12	K	grouped-minor	punctuation	 		ga	vā	sūkṣma tuṇḍocciṭiṅga vāraṭi śatapadi valabhikaśṛṅga bhramarāḥ	sūkṣmatuṇḍocciṭiṅgavāraṭiśatapadivalabhikaśṛṅgabhramarāḥ
SS.5.3	SS.5.3.5.12	K	grouped-minor	punctuation	 		ṭi	śa	sūkṣma tuṇḍocciṭiṅga vāraṭi śatapadi valabhikaśṛṅga bhramarāḥ	sūkṣmatuṇḍocciṭiṅgavāraṭiśatapadivalabhikaśṛṅgabhramarāḥ
SS.5.3	SS.5.3.5.12	K	grouped-minor	punctuation	 		di	va	sūkṣma tuṇḍocciṭiṅga vāraṭi śatapadi valabhikaśṛṅga bhramarāḥ	sūkṣmatuṇḍocciṭiṅgavāraṭiśatapadivalabhikaśṛṅgabhramarāḥ
SS.5.3	SS.5.3.5.12	K	grouped-minor	punctuation	 		ga	bh	sūkṣma tuṇḍocciṭiṅga vāraṭi śatapadi valabhikaśṛṅga bhramarāḥ	sūkṣmatuṇḍocciṭiṅgavāraṭiśatapadivalabhikaśṛṅgabhramarāḥ
SS.5.3	SS.5.3.6	H	grouped-minor	degemination	g		rg	āṃ	mārggāṃś	mārgāṃś
SS.5.3	SS.5.3.8	H	grouped-minor	gemination		c		ch	charddimohajvaraśophaśūlān | arcchanti	cchardimohajvaraśophaśūlān | arcchanti
SS.5.3	SS.5.3.8	H	grouped-minor	degemination	d		ar	di	charddimohajvaraśophaśūlān | arcchanti	cchardimohajvaraśophaśūlān | arcchanti
SS.5.3	SS.5.3.8	H	grouped-minor	nasal-anusvara	n	ṃ	gā		rogān	rogāṃ
SS.5.3	SS.5.3.9	H	grouped-minor	degemination	ṇ		rṇ	āv	dhavāśvakarṇṇāv	dhavāśvakarṇāv
SS.5.3	SS.5.3.9	K	grouped-minor	punctuation	 		ka	mu	sidhraka muṣkakau ca	sidhrakamuṣkakau ca
SS.5.3	SS.5.3.9	H	grouped-minor	punctuation	 		ka	mu	sidhraka muṣkakau ca	sidhrakamuṣkakau ca
SS.5.3	SS.5.3.12	H	grouped-minor	degemination	g		ār	gā	yojyamārggān | siñced athādbhiś	yojyamārgān | siñced athādbhiś
SS.5.3	SS.5.3.12	H	grouped-minor	degemination	m			mā	mmārggo	mārgo
SS.5.3	SS.5.3.12	H	grouped-minor	degemination	g		rg	o	mmārggo	mārgo
SS.5.3	SS.5.3.13	K	grouped-minor	nasal-anusvara	ṃ	m	tā		prayated yathoktāṃ	prayated yathoktām
SS.5.3	SS.5.3.14	H	editorial-surface	other	vy		v	āp	vvyāpa	vāpy
SS.5.3	SS.5.3.14	H	editorial-surface	other	a	y	āp		vvyāpa	vāpy
SS.5.3	SS.5.3.16	K	grouped-minor	deletion	ḥ		gā		khagāḥ	khagā
SS.5.3	SS.5.3.16	H	grouped-minor	degemination	c		rc	ha	kāsapratiśyāyaśirovikārān arcchanti	kāsapratiśyāyaśirovikārān archanti
SS.5.3	SS.5.3.16	K	grouped-minor	nasal-anusvara	ṃ	n	rā		tīvrāṃ	tīvrān
SS.5.3	SS.5.3.19	K	editorial-surface	ba-va	v	b	d 	ra	vadanād vrahmaṇas	vadanād brahmaṇas
SS.5.3	SS.5.3.19	H	editorial-surface	ba-va	v	b	d 	ra	vadanād vrahmaṇas	vadanād brahmaṇas
SS.5.3	SS.5.3.19	H	grouped-minor	nasal-anusvara	n	m	sā		tejasān	tejasām
SS.5.3	SS.5.3.20	K	grouped-minor	nasal-anusvara	ṃ	m	ra		mahāsuraṃ	mahāsuram
SS.5.3	SS.5.3.20	H	grouped-minor	nasal-anusvara	ṃ	m	ra		mahāsuraṃ	mahāsuram
SS.5.3	SS.5.3.23	K	grouped-minor	nasal-anusvara	ṃ	m	ta		antarīkṣāt mahīgataṃ	antarīkṣāt mahīgatam
SS.5.3	SS.5.3.23	H	grouped-minor	other	ṃ |	m	ta		antarīkṣāt mahīgataṃ |	antarīkṣāt mahīgatam
SS.5.3	SS.5.3.23	H	grouped-minor	punctuation	 		ni	ga	ni gacchati	nigacchati
SS.5.3	SS.5.3.25	K	grouped-minor	nasal-anusvara	ṃ	m	na		sarvadoṣaprakopanaṃ	sarvadoṣaprakopanam
SS.5.3	SS.5.3.25	H	grouped-minor	degemination	v		ar	va	sarvvadoṣaprakopanaṃ	sarvadoṣaprakopanam
SS.5.3	SS.5.3.25	H	grouped-minor	nasal-anusvara	ṃ	m	na		sarvvadoṣaprakopanaṃ	sarvadoṣaprakopanam
SS.5.3	SS.5.3.28	H	grouped-minor	degemination	m		ir	ma	nirmmathanād iva	nirmathanād iva
SS.5.3	SS.5.3.29	K	editorial-surface	ba-va	v	b		aḍ	vaḍiśavad daṃṣṭrā	baḍiśavad daṃṣṭrā
SS.5.3	SS.5.3.29	H	editorial-surface	ba-va	v	b		aḍ	vaḍiśavad draṃṣṭrā	baḍiśavad daṃṣṭrā
SS.5.3	SS.5.3.29	H	editorial-surface	deletion	r		 d	aṃ	vaḍiśavad draṃṣṭrā	baḍiśavad daṃṣṭrā
SS.5.3	SS.5.3.30	H	grouped-minor	degemination	v		ar	va	sarvvaviṣeṣūktaḥ	sarvaviṣeṣūktaḥ
SS.5.3	SS.5.3.31	H	grouped-minor	nasal-anusvara	n	ṃ	da		mandan	mandaṃ
SS.5.3	SS.5.3.33	H	grouped-minor	nasal-anusvara	ṃ	m	ha		prakhyāpya dehaṃ	prakhyāpya deham
SS.5.3	SS.5.3.33	H	grouped-minor	degemination	d		rd	it	laulyād viṣārdditam	laulyād viṣārditam
SS.5.3	SS.5.3.35ab	K	grouped-minor	punctuation	 		rā	da	prahārā daṃśavarjitaṃ	prahārādaṃśavarjitam
SS.5.3	SS.5.3.35ab	K	grouped-minor	nasal-anusvara	ṃ	m	ta		prahārā daṃśavarjitaṃ	prahārādaṃśavarjitam
SS.5.3	SS.5.3.35.1	H	editorial-surface	degemination	b		rb	hi	garbbhiṇi kuṣṭhimehirūkṣeṣu	garbhiṇīkuṣṭhimehirūkṣeṣu
SS.5.3	SS.5.3.35.1	H	editorial-surface	vowel-length	i 	ī	iṇ	ku	garbbhiṇi kuṣṭhimehirūkṣeṣu	garbhiṇīkuṣṭhimehirūkṣeṣu
SS.5.3	SS.5.3.35.1	H	editorial-surface	ba-va	v	b	a	al	avaleṣu	abaleṣu
SS.5.3	SS.5.3.35.2	H	editorial-surface	other	r	s		au	raukṣyātaikṣṇyoṣṇyād vikāsitvāt tathaiva	saukṣmyataikṣṇyoṣṇyād vikāsitvāt tathaiva
SS.5.3	SS.5.3.35.2	H	editorial-surface	nasal-anusvara		m	kṣ	yā	raukṣyātaikṣṇyoṣṇyād vikāsitvāt tathaiva	saukṣmyataikṣṇyoṣṇyād vikāsitvāt tathaiva
SS.5.3	SS.5.3.35.2	H	editorial-surface	vowel-length	ā	a	ṣy	ta	raukṣyātaikṣṇyoṣṇyād vikāsitvāt tathaiva	saukṣmyataikṣṇyoṣṇyād vikāsitvāt tathaiva
SS.5.3	SS.5.3.35.3	H	editorial-surface	degemination	v		rv	īy	nirvvīyam	nirvīryam
SS.5.3	SS.5.3.35.3	H	editorial-surface	insertion		r	vī	ya	nirvvīyam	nirvīryam
SS.5.3	SS.5.3.37	K	editorial-surface	insertion		r	ni		agni	agnir
SS.5.3	SS.5.3.37	H	editorial-surface	insertion		r	ni		agni	agnir
SS.5.3	SS.5.3.37	H	grouped-minor	degemination	d		ir	da	nirddahaty	nirdahaty
SS.5.3	SS.5.3.38	H	grouped-minor	degemination	j		rj	an	parivarjjanīyāḥ	parivarjanīyāḥ
SS.5.3	SS.5.3.39	H	grouped-minor	punctuation	 		hā	ti	āśughā ti	āśughāti
SS.5.3	SS.5.3.39	K	grouped-minor	gemination		j	or	ja	corjadviguṇaṃ	corjjadviguṇaṃ
SS.5.3	SS.5.3.39	H	grouped-minor	degemination	ṇ		īr	ṇa	ajīrṇṇapittānilapīḍiteṣu	ajīrṇapittānilapīḍiteṣu
SS.5.3	SS.5.3.39	K	editorial-surface	ba-va	v	b		āl	vāleṣu	bāleṣu
SS.5.3	SS.5.3.39	H	editorial-surface	ba-va	v	b		āl	vāleṣu	bāleṣu
SS.5.3	SS.5.3.39.add-1	H	grouped-minor	other	d	t	ve	 b	bhaved bhinnavalāsaheṣu	bhavet bhinnavalāsaheṣu
SS.5.3	SS.5.3.39.add-2	H	editorial-surface	punctuation	 		am	at	viṣam atair	viṣamatair
SS.5.3	SS.5.3.39.add-2	H	grouped-minor	punctuation	 ||		ti		samanudhāvati ||	samanudhāvati
SS.5.3	SS.5.3.41	K	grouped-minor	nasal-anusvara	ṃ	m	ma		jihmaṃ	jihmam
SS.5.3	SS.5.3.41	H	grouped-minor	nasal-anusvara	ṃ	m	ma		jihmaṃ	jihmam
SS.5.3	SS.5.3.43ab	H	grouped-minor	degemination	j		rj	ay	parivarjjayīteti	parivarjayīteti
SS.5.4	SS.5.4.1	K	grouped-minor	punctuation	 		pa	da	sarpa daṣṭa viṣa vijñānīyaṃ	sarpadaṣṭaviṣavijñānīyaṃ
SS.5.4	SS.5.4.1	K	grouped-minor	punctuation	 		ṭa	vi	sarpa daṣṭa viṣa vijñānīyaṃ	sarpadaṣṭaviṣavijñānīyaṃ
SS.5.4	SS.5.4.1	K	grouped-minor	punctuation	 		ṣa	vi	sarpa daṣṭa viṣa vijñānīyaṃ	sarpadaṣṭaviṣavijñānīyaṃ
SS.5.4	SS.5.4.6	K	grouped-minor	punctuation	 		ni	sa	hutāgni samavarcasaḥ | ye	hutāgnisamavarcasaḥ | ye
SS.5.4	SS.5.4.6	H	grouped-minor	punctuation	 		ni	sa	hutāgni samavarccasaḥ | ye	hutāgnisamavarcasaḥ | ye
SS.5.4	SS.5.4.6	H	grouped-minor	degemination	c		ar	ca	hutāgni samavarccasaḥ | ye	hutāgnisamavarcasaḥ | ye
SS.5.4	SS.5.4.8	K	grouped-minor	punctuation	| 		t 	kā	kiñcit | kāryam	kiñcit kāryam
SS.5.4	SS.5.4.9	H	grouped-minor	nasal-anusvara	m	ṃ	yā		saṃkhyām	saṃkhyāṃ
SS.5.4	SS.5.4.12	H	grouped-minor	degemination	v		rv	iṣ	nirvviṣā	nirviṣā
SS.5.4	SS.5.4.14	H	grouped-minor	degemination	p		ar	pa	sarppagātrāhataṃ	sarpagātrāhataṅ
SS.5.4	SS.5.4.14	H	grouped-minor	nasal-anusvara	ṃ	ṅ	ta		sarppagātrāhataṃ	sarpagātrāhataṅ
SS.5.4	SS.5.4.17	K	grouped-minor	nasal-anusvara	ṃ	m	ta		bhiṣajālpaviṣānvitaṃ	bhiṣajālpaviṣānvitam
SS.5.4	SS.5.4.19	H	grouped-minor	degemination	p		ar	pa	sarppagātrāhataṃ tu	sarpagātrāhatan tu
SS.5.4	SS.5.4.19	H	grouped-minor	nasal-anusvara	ṃ	n	ta	 t	sarppagātrāhataṃ tu	sarpagātrāhatan tu
SS.5.4	SS.5.4.20	H	editorial-surface	ba-va	v	b	ti	āl	tathātivāla vṛddhānāṃ	tathātibālavṛddhānāṃ
SS.5.4	SS.5.4.20	H	editorial-surface	punctuation	 		la	vṛ	tathātivāla vṛddhānāṃ	tathātibālavṛddhānāṃ
SS.5.4	SS.5.4.26	H	grouped-minor	degemination	c			ch	cchattraṃ	chatraṃ
SS.5.4	SS.5.4.26	H	grouped-minor	degemination	t		at	ra	cchattraṃ	chatraṃ
SS.5.4	SS.5.4.26	H	grouped-minor	nasal-anusvara	n	ṃ	ya		lakṣyan	lakṣyaṃ
SS.5.4	SS.5.4.26	K	grouped-minor	nasal-anusvara	ṃ	m	ja		tathādrijaṃ	tathādrijam
SS.5.4	SS.5.4.26	H	grouped-minor	nasal-anusvara	ṃ	m	ja		tathādrijaṃ	tathādrijam
SS.5.4	SS.5.4.28	H	grouped-minor	other	t	c	ci	 ś	kecit śūdrās te	kecic chūdrās te
SS.5.4	SS.5.4.28	H	grouped-minor	other	ś	ch	t 	ūd	kecit śūdrās te	kecic chūdrās te
SS.5.4	SS.5.4.31	H	grouped-minor	degemination	v		rv	āś	sarvvāś	sarvāś
SS.5.4	SS.5.4.30	H	grouped-minor	nasal-anusvara	m	ṃ	ya		dampatyayogād vijñeyam	dampatyayogād vijñeyaṃ
SS.5.4	SS.5.4.34.add-1	K	editorial-surface	ba-va	v	b		ab	vabhrūkuṭīmukho	babhrūkuṭīmukho
SS.5.4	SS.5.4.34.add-1	H	editorial-surface	ba-va	v	b		ab	vabhrūkuṭīmukho	babhrūkuṭīmukho
SS.5.4	SS.5.4.34.add-1	K	editorial-surface	insertion		ḥ	ra		vicitra	vicitraḥ
SS.5.4	SS.5.4.34.add-1	H	editorial-surface	insertion		ḥ	ra		vicitra	vicitraḥ
SS.5.4	SS.5.4.34.add-2	K	editorial-surface	ba-va	v	b		ab	vabhru	babhru
SS.5.4	SS.5.4.34.add-2	H	editorial-surface	ba-va	v	b		ab	vabhru	babhru
SS.5.4	SS.5.4.34.add-3	H	grouped-minor	degemination	d		ar	da	karddamas	kardamas
SS.5.4	SS.5.4.34.add-5	H	grouped-minor	nasal-anusvara	m	ṃ	nā		varṇṇānām	varṇṇānāṃ
SS.5.4	SS.5.4.34.add-5	H	grouped-minor	visarga	ḥ	s	jā		vyatirekajāḥ	vyatirekajās
SS.5.4	SS.5.4.34.add-5	H	grouped-minor	degemination	m			mā	mmātṛvad ity	mātṛvad ity
SS.5.4	SS.5.4.36	K	grouped-minor	punctuation	 		ta	hu	huta hutavaha niśita nistriṃśāśani kalpam	hutahutavahaniśitanistriṃśāśanikalpam
SS.5.4	SS.5.4.36	K	grouped-minor	punctuation	 		ha	ni	huta hutavaha niśita nistriṃśāśani kalpam	hutahutavahaniśitanistriṃśāśanikalpam
SS.5.4	SS.5.4.36	K	grouped-minor	punctuation	 		ta	ni	huta hutavaha niśita nistriṃśāśani kalpam	hutahutavahaniśitanistriṃśāśanikalpam
SS.5.4	SS.5.4.36	K	grouped-minor	punctuation	 		ni	ka	huta hutavaha niśita nistriṃśāśani kalpam	hutahutavahaniśitanistriṃśāśanikalpam
SS.5.4	SS.5.4.36	H	grouped-minor	punctuation	 		ta	hu	huta hutavaha niśita nistriṃśāśani kalpam	hutahutavahaniśitanistriṃśāśanikalpam
SS.5.4	SS.5.4.36	H	grouped-minor	punctuation	 		ha	ni	huta hutavaha niśita nistriṃśāśani kalpam	hutahutavahaniśitanistriṃśāśanikalpam
SS.5.4	SS.5.4.36	H	grouped-minor	punctuation	 		ta	ni	huta hutavaha niśita nistriṃśāśani kalpam	hutahutavahaniśitanistriṃśāśanikalpam
SS.5.4	SS.5.4.36	H	grouped-minor	punctuation	 		ni	ka	huta hutavaha niśita nistriṃśāśani kalpam	hutahutavahaniśitanistriṃśāśanikalpam
SS.5.4	SS.5.4.36	H	grouped-minor	avagraha		'		st	sti	'sti
SS.5.4	SS.5.4.36	K	grouped-minor	nasal-anusvara	ṃ	m	tu		anusartuṃ	anusartum
SS.5.4	SS.5.4.36	H	grouped-minor	degemination	t		rt	uṃ	anusarttuṃ	anusartum
SS.5.4	SS.5.4.36	H	grouped-minor	nasal-anusvara	ṃ	m	tu		anusarttuṃ	anusartum
SS.5.4	SS.5.4.36	H	grouped-minor	degemination	v		ar	va	sarvvavyañjanāvarodha	sarvavyañjanāvarodha
SS.5.4	SS.5.4.37	H	grouped-minor	degemination	v		ar	vī	darvvīkaraviṣeṇa	darvīkaraviṣeṇa
SS.5.4	SS.5.4.37	H	grouped-minor	nasal-anusvara	ṅ	ṃ	va		śirogauravaṅ	śirogauravaṃ
SS.5.4	SS.5.4.37	H	grouped-minor	nasal-anusvara	m	ṃ	ṇa		kṛṣṇalālāsravaṇam	kṛṣṇalālāsravaṇaṃ
SS.5.4	SS.5.4.37	H	grouped-minor	nasal-anusvara	n	ṃ	na		paridhūpāyanan	paridhūpāyanaṃ
SS.5.4	SS.5.4.38	K	grouped-minor	punctuation	 ||		ti		bhavati ||	bhavati
SS.5.4	SS.5.4.38	K	editorial-surface	nasal-anusvara	m	n	hi	ān	grāsārthimānnam	grāsārthinānnam
SS.5.4	SS.5.4.38	H	editorial-surface	other	o '	ā	in	nn	grāsārthino 'nnam	grāsārthinānnam
SS.5.4	SS.5.4.38	H	grouped-minor	nasal-anusvara	ṅ	ṃ	kā	kṣ	ākāṅkṣati	ākāṃkṣati
SS.5.4	SS.5.4.38	K	grouped-minor	punctuation	 ||		ti		bhavanti ||	bhavanti
SS.5.4	SS.5.4.38	K	editorial-surface	ba-va	v	b		āl	vālenāśus	bālenāśus
SS.5.4	SS.5.4.38	H	editorial-surface	ba-va	v	b		āl	vālenāśus	bālenāśus
SS.5.4	SS.5.4.39	H	grouped-minor	degemination	v		ar	va	sarvvasarppaviṣāṇāṃ	sarvasarpaviṣāṇāṃ
SS.5.4	SS.5.4.39	H	grouped-minor	degemination	p		ar	pa	sarvvasarppaviṣāṇāṃ	sarvasarpaviṣāṇāṃ
SS.5.4	SS.5.4.39	K	grouped-minor	punctuation		 	ta	vi	saptaviṣavegā	sapta viṣavegā
SS.5.4	SS.5.4.39	H	grouped-minor	punctuation		 	ta	vi	saptaviṣavegā	sapta viṣavegā
SS.5.4	SS.5.4.39	H	grouped-minor	degemination	p		rp	aṇ	pipīlikāparisarppaṇam	pipīlikāparisarpaṇam
SS.5.4	SS.5.4.39	K	grouped-minor	punctuation	 		śa	śv	daṃśa śvayathur	daṃśaśvayathur
SS.5.4	SS.5.4.39	H	grouped-minor	degemination	v		ūr	va	pūrvvavad iti	pūrvavad iti
SS.5.4	SS.5.4.39	H	grouped-minor	nasal-anusvara	n	ṃ	tā	 t	rājīmatān tu	rājīmatāṃ tu
SS.5.4	SS.5.4.39	K	grouped-minor	avagraha		'		kṣ	kṣināsāsrāvaś ca	'kṣināsāsrāvaś ca
SS.5.4	SS.5.4.39	H	grouped-minor	avagraha		'		kṣ	kṣināsāsrāvaś ca	'kṣināsāsrāvaś ca
SS.5.4	SS.5.4.39	H	grouped-minor	degemination	v		ūr	va	pūrvvavad anupraviśya	pūrvavad anupraviśya
SS.5.4	SS.5.4.39	K	grouped-minor	nasal-anusvara	ṃ	ṅ	sa	ga	vāksaṃgaḥ	vāksaṅgaḥ
SS.5.4	SS.5.4.39	H	grouped-minor	degemination	v		ūr	va	pūrvvavad iti	pūrvavad iti
SS.5.4	SS.5.4.40	H	grouped-minor	nasal-anusvara	ṃ	n	va	ti	bhavaṃti	bhavanti
SS.5.4	SS.5.4.41	K	grouped-minor	nasal-anusvara	ṃ	m	ta		mataṃ	matam
SS.5.4	SS.5.4.41	H	grouped-minor	nasal-anusvara	ṃ	m	ta		mataṃ	matam
SS.5.4	SS.5.4.42	K	editorial-surface	punctuation		 	id	dh	lālimān kiñciddhṛṣṭāṅgaḥ	lālimān kiñcid dhṛṣṭāṅgaḥ
SS.5.4	SS.5.4.42	H	editorial-surface	punctuation		 	id	dh	lālimān kiñciddhṛṣṭāṅgāḥ	lālimān kiñcid dhṛṣṭāṅgaḥ
SS.5.4	SS.5.4.42	H	editorial-surface	vowel-length	ā	a	ṅg	ḥ	lālimān kiñciddhṛṣṭāṅgāḥ	lālimān kiñcid dhṛṣṭāṅgaḥ
SS.5.4	SS.5.4.42	H	editorial-surface	punctuation		 	id	dṛ	lālimān kiñciddṛṣṭāṅgāḥ	lālimān kiñcid dhṛṣṭāṅgaḥ
SS.5.4	SS.5.4.42	H	editorial-surface	insertion		h	dd	ṛṣ	lālimān kiñciddṛṣṭāṅgāḥ	lālimān kiñcid dhṛṣṭāṅgaḥ
SS.5.4	SS.5.4.42	H	editorial-surface	vowel-length	ā	a	ṅg	ḥ	lālimān kiñciddṛṣṭāṅgāḥ	lālimān kiñcid dhṛṣṭāṅgaḥ
SS.5.4	SS.5.4.44	H	grouped-minor	nasal-anusvara	m	ṃ	ya		kecid vegatrayam	kecid vegatrayaṃ
SS.5.4	SS.5.4.44	H	grouped-minor	punctuation	 		aḥ	sv	antaḥ svedeṣu	antaḥsvedeṣu
SS.5.4	SS.5.4.45	K	editorial-surface	sibilant	ṣ	ś	u	an	uṣanti vai ||	uśanti vai
SS.5.4	SS.5.4.45	K	editorial-surface	punctuation	 ||		ai		uṣanti vai ||	uśanti vai
SS.5.4	SS.5.4.45	H	editorial-surface	sibilant	ṣ	ś	u	an	uṣanti vai ||	uśanti vai
SS.5.4	SS.5.4.45	H	editorial-surface	punctuation	 ||		ai		uṣanti vai ||	uśanti vai
SS.5.4	SS.5.4.45	H	grouped-minor	degemination	t		rt	at	nātipravarttata	nātipravartata
SS.5.5	SS.5.5.1	K	grouped-minor	punctuation	 		pa	da	sarpa daṣṭa cikitsitaṃ	sarpadaṣṭacikitsitaṃ
SS.5.5	SS.5.5.1	K	grouped-minor	punctuation	 		ṭa	ci	sarpa daṣṭa cikitsitaṃ	sarpadaṣṭacikitsitaṃ
SS.5.5	SS.5.5.1	H	grouped-minor	degemination	p		rp	a 	sarppa daṣṭa cikitsitam	sarpadaṣṭacikitsitaṃ
SS.5.5	SS.5.5.1	H	grouped-minor	punctuation	 		pa	da	sarppa daṣṭa cikitsitam	sarpadaṣṭacikitsitaṃ
SS.5.5	SS.5.5.1	H	grouped-minor	punctuation	 		ṭa	ci	sarppa daṣṭa cikitsitam	sarpadaṣṭacikitsitaṃ
SS.5.5	SS.5.5.1	H	grouped-minor	nasal-anusvara	m	ṃ	ta		sarppa daṣṭa cikitsitam	sarpadaṣṭacikitsitaṃ
SS.5.5	SS.5.5.3	K	editorial-surface	ba-va	v	b		ad	vadhnīyād gāḍham	badhnīyād gāḍham
SS.5.5	SS.5.5.3	H	editorial-surface	ba-va	v	b		ad	vadhnīyād gāḍham	badhnīyād gāḍham
SS.5.5	SS.5.5.3	K	grouped-minor	nasal-anusvara	ṃ	ṅ	ra	gu	caturaṃgulaṃ	caturaṅgulam
SS.5.5	SS.5.5.3	K	grouped-minor	nasal-anusvara	ṃ	m	la		caturaṃgulaṃ	caturaṅgulam
SS.5.5	SS.5.5.3	H	grouped-minor	nasal-anusvara	ṃ	m	la		caturaṅgulaṃ	caturaṅgulam
SS.5.5	SS.5.5.4	K	grouped-minor	nasal-anusvara	ṃ	m	ta		nivāritaṃ	nivāritam
SS.5.5	SS.5.5.7	K	editorial-surface	ba-va	v	b	ṣa	āh	pittaviṣavāhulyād daṃśo	pittaviṣabāhulyād daṃśo
SS.5.5	SS.5.5.7	H	editorial-surface	ba-va	v	b	ṣa	āh	pittaviṣavāhulyād daṃśo	pittaviṣabāhulyād daṃśo
SS.5.5	SS.5.5.8	K	editorial-surface	ba-va	v	b		ad	vadhnīyān mantrakovidaḥ | sā tu	badhnīyāt mantrakovidaḥ | sā tu
SS.5.5	SS.5.5.8	K	editorial-surface	other	n	t	yā	 m	vadhnīyān mantrakovidaḥ | sā tu	badhnīyāt mantrakovidaḥ | sā tu
SS.5.5	SS.5.5.8	H	editorial-surface	ba-va	v	b		ad	vadhnīyāt mantrakovidaḥ | sā tu	badhnīyāt mantrakovidaḥ | sā tu
SS.5.5	SS.5.5.12	H	grouped-minor	nasal-anusvara	ṃ	m	tā		devatāṃ	devatām
SS.5.5	SS.5.5.12	K	grouped-minor	gemination		d	id	hy	pūjayet mantrasidhyarthaṃ	pūjayet mantrasiddhyarthaṃ
SS.5.5	SS.5.5.17	K	grouped-minor	nasal-anusvara	ṃ	n	tā		tāṃ	tān
SS.5.5	SS.5.5.18	H	grouped-minor	degemination	k		rk	aṅ	kovidāraśirīṣārkkaṅ	kovidāraśirīṣārkaṃ
SS.5.5	SS.5.5.18	H	grouped-minor	nasal-anusvara	ṅ	ṃ	ka		kovidāraśirīṣārkkaṅ	kovidāraśirīṣārkaṃ
SS.5.5	SS.5.5.19	H	grouped-minor	nasal-anusvara	n	ṃ	ha		sukhan	sukhaṃ
SS.5.5	SS.5.5.20	H	grouped-minor	punctuation	|		t 	| 	haret || dvitīye	haret | dvitīye
SS.5.5	SS.5.5.21	K	grouped-minor	punctuation	 		aḥ	ka	nastaḥ karmāñjane	nastaḥkarmāñjane
SS.5.5	SS.5.5.21	H	grouped-minor	nasal-anusvara	m	ṃ	gū		yavāgūm	yavāgūṃ
SS.5.5	SS.5.5.22	H	grouped-minor	nasal-anusvara	m	ṃ	ra		śītopacāram	śītopacāraṃ
SS.5.5	SS.5.5.22	H	grouped-minor	nasal-anusvara	m	ṃ	ṣa		puruṣam	puruṣaṃ
SS.5.5	SS.5.5.22	H	grouped-minor	nasal-anusvara	n	ṃ	na		pāyayec chodhanan	pāyayec chodhanaṃ
SS.5.5	SS.5.5.22	H	grouped-minor	nasal-anusvara	ṃ	m	tā		kīrttitāṃ	kīrttitām
SS.5.5	SS.5.5.24	H	grouped-minor	nasal-anusvara	m	ṃ	nā		maṇḍalinām	maṇḍalināṃ
SS.5.5	SS.5.5.24	H	grouped-minor	degemination	v		ar	vī	darvvīkaravad ācaret	darvīkaravad ācaret
SS.5.5	SS.5.5.26	K	grouped-minor	nasal-anusvara	ṃ	m	tā		dāpayed dhitāṃ	dāpayed dhitām
SS.5.5	SS.5.5.26	H	grouped-minor	nasal-anusvara	ṃ	m	tā		dāpayed dhitāṃ	dāpayed dhitām
SS.5.5	SS.5.5.30	K	grouped-minor	nasal-anusvara	ṃ	m	ta		sirāvedhavivarjitaṃ	sirāvedhavivarjitam
SS.5.5	SS.5.5.30	H	grouped-minor	degemination	j		rj	it	sirāvedhavivarjjitaṃ	sirāvedhavivarjitam
SS.5.5	SS.5.5.30	H	grouped-minor	nasal-anusvara	ṃ	m	ta		sirāvedhavivarjjitaṃ	sirāvedhavivarjitam
SS.5.5	SS.5.5.32	K	grouped-minor	punctuation	 |		oḥ		mahiṣoṣṭrayoḥ |	mahiṣoṣṭrayoḥ
SS.5.5	SS.5.5.32	H	grouped-minor	nasal-anusvara	n	ṃ	ṇa	 t	caturguṇan tu	caturguṇaṃ tu
SS.5.5	SS.5.5.47cd	H	grouped-minor	nasal-anusvara	m	ṃ	na		nirharec cainam	nirharec cainaṃ
SS.5.5	SS.5.5.49	K	grouped-minor	punctuation	 		ci	jā	śoṣaśophapratiśyāyatimirāruci jāḍyatāṃ	śoṣaśophapratiśyāyatimirārucijāḍyatām
SS.5.5	SS.5.5.49	K	grouped-minor	nasal-anusvara	ṃ	m	tā		śoṣaśophapratiśyāyatimirāruci jāḍyatāṃ	śoṣaśophapratiśyāyatimirārucijāḍyatām
SS.5.5	SS.5.5.49	H	grouped-minor	punctuation	 		ci	jā	śoṣaśophapratiśyāyatimirāruci jāḍyatāṃ	śoṣaśophapratiśyāyatimirārucijāḍyatām
SS.5.5	SS.5.5.49	H	grouped-minor	nasal-anusvara	ṃ	m	tā		śoṣaśophapratiśyāyatimirāruci jāḍyatāṃ	śoṣaśophapratiśyāyatimirārucijāḍyatām
SS.5.5	SS.5.5.49	H	grouped-minor	nasal-anusvara	m	ṃ	ga		yathāyogam	yathāyogaṃ
SS.5.5	SS.5.5.49	H	grouped-minor	degemination	m		rm	a	pratikarmma	pratikarma
SS.5.5	SS.5.5.52.add-1	K	editorial-surface	avagraha		'		ni	nilaṃ	'nilaṃ
SS.5.5	SS.5.5.52.add-1	H	editorial-surface	avagraha		'		ni	nilaṃ	'nilaṃ
SS.5.5	SS.5.5.53	K	editorial-surface	punctuation	 		la	ma	taila madya kulatthāmbla varjair	tailamadyakulatthāmlavarjair
SS.5.5	SS.5.5.53	K	editorial-surface	punctuation	 		ya	ku	taila madya kulatthāmbla varjair	tailamadyakulatthāmlavarjair
SS.5.5	SS.5.5.53	K	editorial-surface	ba-va	b		ām	la	taila madya kulatthāmbla varjair	tailamadyakulatthāmlavarjair
SS.5.5	SS.5.5.53	K	editorial-surface	punctuation	 		la	va	taila madya kulatthāmbla varjair	tailamadyakulatthāmlavarjair
SS.5.5	SS.5.5.53	H	editorial-surface	punctuation	 		la	ma	taila madya kulatthāmla varjyair	tailamadyakulatthāmlavarjair
SS.5.5	SS.5.5.53	H	editorial-surface	punctuation	 		ya	ku	taila madya kulatthāmla varjyair	tailamadyakulatthāmlavarjair
SS.5.5	SS.5.5.53	H	editorial-surface	punctuation	 		la	va	taila madya kulatthāmla varjyair	tailamadyakulatthāmlavarjair
SS.5.5	SS.5.5.53	H	editorial-surface	deletion	y		rj	ai	taila madya kulatthāmla varjyair	tailamadyakulatthāmlavarjair
SS.5.5	SS.5.5.53	H	grouped-minor	nasal-anusvara	m	ṃ	ta		pittam	pittaṃ
SS.5.5	SS.5.5.56	H	grouped-minor	degemination	v			vi	vviṣaśeṣeṇa	viṣaśeṣeṇa
SS.5.5	SS.5.5.56	H	grouped-minor	nasal-anusvara	m	ṃ	ṇa		śīrṇṇam	śīrṇṇaṃ
SS.5.5	SS.5.5.57	H	grouped-minor	nasal-anusvara	m	ṃ	ta		kṣatam	kṣataṃ
SS.5.5	SS.5.5.58	H	grouped-minor	nasal-anusvara	n	ṃ	ta	 t	digdhāhatan taṃ	digdhāhataṃ taṃ
SS.5.5	SS.5.5.58.add-1	H	grouped-minor	nasal-anusvara	m	ṃ	ṭa		viṣajuṣṭam	viṣajuṣṭaṃ
SS.5.5	SS.5.5.59cd	H	grouped-minor	nasal-anusvara	n	ṃ	ṣā		teṣān	teṣāṃ
SS.5.5	SS.5.5.59cd	H	grouped-minor	nasal-anusvara	n	ṃ	mā	sā	dhīmān adhimānsāny	dhīmān adhimāṃsāny
SS.5.5	SS.5.5.59cd	H	grouped-minor	nasal-anusvara	ñ	ṃ	ta		śoṇitañ	śoṇitaṃ
SS.5.5	SS.5.5.60	H	grouped-minor	punctuation		 |	ak	 s	samyak siñcec chītaiḥ	samyak | siñcec chītaiḥ
SS.5.5	SS.5.5.60	K	grouped-minor	nasal-anusvara	ṃ	n	rā		vastrāntarāṃ	vastrāntarān
SS.5.5	SS.5.5.60	H	grouped-minor	gemination		c		ch	chītair	cchītair
SS.5.5	SS.5.5.61	K	editorial-surface	avagraha		'		st	sthitiḥ sa	'sthani sa
SS.5.5	SS.5.5.61	K	editorial-surface	other		an	th	it	sthitiḥ sa	'sthani sa
SS.5.5	SS.5.5.61	K	editorial-surface	other	tiḥ		hi	 s	sthitiḥ sa	'sthani sa
SS.5.5	SS.5.5.61	H	editorial-surface	avagraha		'		st	sthitiḥ sa	'sthani sa
SS.5.5	SS.5.5.61	H	editorial-surface	other		an	th	it	sthitiḥ sa	'sthani sa
SS.5.5	SS.5.5.61	H	editorial-surface	other	tiḥ		hi	 s	sthitiḥ sa	'sthani sa
SS.5.5	SS.5.5.61	K	grouped-minor	punctuation	 		ha	va	mañjiṣṭha vakrau	mañjiṣṭhavakrau
SS.5.5	SS.5.5.61	H	grouped-minor	degemination	v		rv	aḥ	sarvvaḥ	sarvaḥ
SS.5.5	SS.5.5.63	H	grouped-minor	punctuation	 		ga	pā	viḍaṅga pāṭhā triphalājamodā	viḍaṅgapāṭhātriphalājamodā
SS.5.5	SS.5.5.63	H	grouped-minor	punctuation	 		hā	tr	viḍaṅga pāṭhā triphalājamodā	viḍaṅgapāṭhātriphalājamodā
SS.5.5	SS.5.5.63	H	grouped-minor	nasal-anusvara	ṃ	ṅ	hi	gū	hiṃgūni	hiṅgūni
SS.5.5	SS.5.5.66	K	grouped-minor	punctuation	 		ka	pa	sthauṇeyakadhyāmaka padmakāni	sthauṇeyakadhyāmakapadmakāni
SS.5.5	SS.5.5.66	H	grouped-minor	punctuation	 		ka	pa	sthauṇeyakadhyāmaka padmakāni	sthauṇeyakadhyāmakapadmakāni
SS.5.5	SS.5.5.66	K	grouped-minor	punctuation	 		ga	tā	punnāga tālīsa suvarcikāś ca	punnāgatālīsasuvarcikāś ca
SS.5.5	SS.5.5.66	K	grouped-minor	punctuation	 		sa	su	punnāga tālīsa suvarcikāś ca	punnāgatālīsasuvarcikāś ca
SS.5.5	SS.5.5.67	H	grouped-minor	nasal-anusvara	n	ṃ	ra		lodhran	lodhraṃ
SS.5.5	SS.5.5.67	K	grouped-minor	punctuation	 		la	ga	guggula gairikañ ca	guggulagairikañ ca
SS.5.5	SS.5.5.68	K	editorial-surface	deletion	ḥ		ri	ph	māṃsīhareṇutriḥphalāmuruṅgī	māṃsīhareṇutriphalāmuruṅgī
SS.5.5	SS.5.5.68	H	editorial-surface	nasal-anusvara	n	ṃ	mā	sī	mānsīhareṇus tṛphalāmuruṅgī	māṃsīhareṇutriphalāmuruṅgī
SS.5.5	SS.5.5.68	H	editorial-surface	sibilant	s 		ṇu	tṛ	mānsīhareṇus tṛphalāmuruṅgī	māṃsīhareṇutriphalāmuruṅgī
SS.5.5	SS.5.5.68	H	editorial-surface	vocalic-r	ṛ	ri	 t	ph	mānsīhareṇus tṛphalāmuruṅgī	māṃsīhareṇutriphalāmuruṅgī
SS.5.5	SS.5.5.68	K	grouped-minor	punctuation	 		ha	ya	mañjiṣṭha yaṣṭyāhvaya padmakāni	mañjiṣṭhayaṣṭyāhvayapadmakāni
SS.5.5	SS.5.5.68	K	grouped-minor	punctuation	 		ya	pa	mañjiṣṭha yaṣṭyāhvaya padmakāni	mañjiṣṭhayaṣṭyāhvayapadmakāni
SS.5.5	SS.5.5.68	H	grouped-minor	punctuation	 		ha	ya	mañjiṣṭha yaṣṭyāhvaya padmakāni	mañjiṣṭhayaṣṭyāhvayapadmakāni
SS.5.5	SS.5.5.68	H	grouped-minor	punctuation	 		ya	pa	mañjiṣṭha yaṣṭyāhvaya padmakāni	mañjiṣṭhayaṣṭyāhvayapadmakāni
SS.5.5	SS.5.5.69	K	grouped-minor	punctuation	 		ṇi	hī	paṭolīkiṇi hī	paṭolīkiṇihī
SS.5.5	SS.5.5.69	H	grouped-minor	punctuation	 		ṇi	hī	paṭolīkiṇi hī	paṭolīkiṇihī
SS.5.5	SS.5.5.70	H	grouped-minor	nasal-anusvara	n	ṃ	ṣā		athaiṣān	athaiṣāṃ
SS.5.5	SS.5.5.71	H	grouped-minor	nasal-anusvara	m	ṃ	nā		varāhagodhāśikhiśalyakānām	varāhagodhāśikhiśalyakānāṃ
SS.5.5	SS.5.5.73	H	grouped-minor	punctuation	 		da	pr	nalada priyaṃgvau	naladapriyaṅgvau
SS.5.5	SS.5.5.73	H	grouped-minor	nasal-anusvara	ṃ	ṅ	ya	gv	nalada priyaṃgvau	naladapriyaṅgvau
SS.5.5	SS.5.5.74	H	grouped-minor	degemination	g		rg	o	varggo	vargo
SS.5.5	SS.5.5.74	H	grouped-minor	degemination	p		rp	iṣ	madhusarppiṣāktaḥ	madhusarpiṣāktaḥ
SS.5.5	SS.5.5.74	K	grouped-minor	avagraha		'		ñj	ñjana pāna nasyaiḥ	'ñjanapānanasyaiḥ
SS.5.5	SS.5.5.74	K	grouped-minor	punctuation	 		na	pā	ñjana pāna nasyaiḥ	'ñjanapānanasyaiḥ
SS.5.5	SS.5.5.74	K	grouped-minor	punctuation	 		na	na	ñjana pāna nasyaiḥ	'ñjanapānanasyaiḥ
SS.5.5	SS.5.5.74	H	grouped-minor	avagraha		'		ñj	ñjana pāna nasyaiḥ	'ñjanapānanasyaiḥ
SS.5.5	SS.5.5.74	H	grouped-minor	punctuation	 		na	pā	ñjana pāna nasyaiḥ	'ñjanapānanasyaiḥ
SS.5.5	SS.5.5.74	H	grouped-minor	punctuation	 		na	na	ñjana pāna nasyaiḥ	'ñjanapānanasyaiḥ
SS.5.5	SS.5.5.84ab	K	editorial-surface	ba-va	v	b	ya	ah	somarājīyavahulā	somarājīyabahulā
SS.5.5	SS.5.5.84ab	H	editorial-surface	ba-va	v	b	ya	ap	somarājīyavaphalā	somarājīyabahulā
SS.5.5	SS.5.5.84ab	H	editorial-surface	deletion	p		va	ha	somarājīyavaphalā	somarājīyabahulā
SS.5.5	SS.5.5.84ab	H	editorial-surface	other	a	u	ph	lā	somarājīyavaphalā	somarājīyabahulā
SS.5.5	SS.5.5.85cd	H	grouped-minor	degemination	t		at	rī	tālapattrī	tālapatrī
SS.5.5	SS.5.5.85cd	K	grouped-minor	avagraha		'		pi	pi	'pi
SS.5.5	SS.5.5.85cd	H	grouped-minor	avagraha		'		pi	pi	'pi
SS.5.5	SS.5.5.84cd	H	grouped-minor	degemination	p		ar	pa	sarppasugandhikā	sarpasugandhikā
SS.5.7	SS.5.7.1	H	grouped-minor	nasal-anusvara	m	ṃ	pa		mūṣikākalpam	mūṣikākalpaṃ
SS.5.7	SS.5.7.4	K	editorial-surface	avagraha		'		ra	ralaś	'ralaś
SS.5.7	SS.5.7.4	H	editorial-surface	other	ga 	'		ra	ga ralaś	'ralaś
SS.5.7	SS.5.7.8	K	grouped-minor	nasal-anusvara	ṃ	n	ya	te	jāyaṃte	jāyante
SS.5.7	SS.5.7.8	K	grouped-minor	deletion	ḥ		rā		cogrāḥ	cogrā
SS.5.7	SS.5.7.10	H	grouped-minor	gemination		c		ch	charddi	cchardi
SS.5.7	SS.5.7.10	H	grouped-minor	degemination	d		rd	i	charddi	cchardi
SS.5.7	SS.5.7.11	K	grouped-minor	nasal-anusvara	ṃ	ṅ	ṇā	ga	putrakeṇāṃgasaṃsādaḥ	putrakeṇāṅgasaṃsādaḥ
SS.5.7	SS.5.7.11	K	grouped-minor	punctuation	 		ḍu	va	pāṇḍu valguś ca	pāṇḍuvalguś ca
SS.5.7	SS.5.7.11	H	grouped-minor	punctuation	 		ḍu	va	pāṇḍu valguś ca	pāṇḍuvalguś ca
SS.5.7	SS.5.7.12	H	grouped-minor	degemination	t		at	ra	śirīṣeṅgudipattran tu	śirīṣeṅgudipatraṃ tu
SS.5.7	SS.5.7.12	H	grouped-minor	nasal-anusvara	n	ṃ	ra	 t	śirīṣeṅgudipattran tu	śirīṣeṅgudipatraṃ tu
SS.5.7	SS.5.7.13	H	grouped-minor	degemination	d		rd	ay	kṛṣṇenāsṛk charddayati	kṛṣṇenāsṛk chardayati
SS.5.7	SS.5.7.13	H	grouped-minor	degemination	d		ur	di	durddine tu	durdine tu
SS.5.7	SS.5.7.13	H	grouped-minor	degemination	t		at	ra	śirīṣapattraṃ	śirīṣapatraṃ
SS.5.7	SS.5.7.15	H	grouped-minor	nasal-anusvara	ṃ	ṅ	a	ko	aṃkollajam	aṅkollajam
SS.5.7	SS.5.7.18cd	H	editorial-surface	avagraha		'		ra	ralenātha	'ralenātha
SS.5.7	SS.5.7.20	K	grouped-minor	punctuation	 		cā	da	cā damśa maṇḍale	cādaṃśamaṇḍale
SS.5.7	SS.5.7.20	K	grouped-minor	nasal-anusvara	m	ṃ	da	śa	cā damśa maṇḍale	cādaṃśamaṇḍale
SS.5.7	SS.5.7.20	K	grouped-minor	punctuation	 		śa	ma	cā damśa maṇḍale	cādaṃśamaṇḍale
SS.5.7	SS.5.7.20	H	grouped-minor	punctuation	 		cā	da	cā daṃśa maṇḍale	cādaṃśamaṇḍale
SS.5.7	SS.5.7.20	H	grouped-minor	punctuation	 		śa	ma	cā daṃśa maṇḍale	cādaṃśamaṇḍale
SS.5.7	SS.5.7.23	H	grouped-minor	nasal-anusvara	m	ṃ	lā		triphalām	triphalāṃ
SS.5.7	SS.5.7.23	K	editorial-surface	ba-va	v	b	pi	et	pivet || kapilena	pibet || kapilena
SS.5.7	SS.5.7.23	H	editorial-surface	ba-va	v	b	pi	et	pivet || kapilena	pibet || kapilena
SS.5.7	SS.5.7.27	H	grouped-minor	punctuation	 		śa	dā	bhṛśa dāruṇāḥ	bhṛśadāruṇāḥ
SS.5.7	SS.5.7.28	K	editorial-surface	punctuation		 	ās	tr	dadhikṣīraghṛtaprasthāstrayaḥ	dadhikṣīraghṛtaprasthās trayaḥ
SS.5.7	SS.5.7.28	H	editorial-surface	nasal-anusvara	m		ta	pr	dadhikṣīraghṛtamprasthāstrayaḥ	dadhikṣīraghṛtaprasthās trayaḥ
SS.5.7	SS.5.7.28	H	editorial-surface	punctuation		 	ās	tr	dadhikṣīraghṛtamprasthāstrayaḥ	dadhikṣīraghṛtaprasthās trayaḥ
SS.5.7	SS.5.7.33	H	grouped-minor	punctuation	|		t 	| 	pralepayet || śirīṣarajanīvakraṃ	pralepayet | śirīṣarajanīvakraṃ
SS.5.7	SS.5.7.34ab	H	grouped-minor	nasal-anusvara	ṃ	ṅ	yā	ko	śukākhyāṃkollayor	śukākhyāṅkollayor
SS.5.7	SS.5.7.38	H	grouped-minor	degemination	l			le	lleha	leha
SS.5.7	SS.5.7.41	K	grouped-minor	nasal-anusvara	ṃ	m	ta		nirhṛtaṃ	nirhṛtam
SS.5.7	SS.5.7.41	H	grouped-minor	nasal-anusvara	ṃ	m	ta		nirhṛtaṃ	nirhṛtam
SS.5.7	SS.5.7.42	K	editorial-surface	punctuation		 	āṃ	ma	sthirāṃmandaru	sthirāṃ mandarujāś
SS.5.7	SS.5.7.42	K	editorial-surface	other		jāś	ru		sthirāṃmandaru	sthirāṃ mandarujāś
SS.5.7	SS.5.7.42	H	editorial-surface	nasal-anusvara	n	ṃ	rā	 m	sthirān mandarujāñ	sthirāṃ mandarujāś
SS.5.7	SS.5.7.42	H	editorial-surface	other	ñ	ś	jā		sthirān mandarujāñ	sthirāṃ mandarujāś
SS.5.7	SS.5.7.42	H	editorial-surface	other		pi	cā		cā	cāpi
SS.5.7	SS.5.7.42	H	editorial-surface	other	pi 			ka	pi karṇṇikām	karṇṇikāṃ
SS.5.7	SS.5.7.42	H	editorial-surface	nasal-anusvara	m	ṃ	kā		pi karṇṇikām	karṇṇikāṃ
SS.5.7	SS.5.7.42	H	grouped-minor	degemination	v		rv	as	pracchayed bhiṣak | sarvvasminn eva	pracchayed bhiṣak | sarvasminn eva
SS.5.7	SS.5.7.42	K	grouped-minor	nasal-anusvara	ṃ	m	yā		vraṇavac cācaret kriyāṃ	vraṇavac cācaret kriyām
SS.5.7	SS.5.7.42	H	grouped-minor	nasal-anusvara	ṃ	m	yā		vraṇavac cācaret kriyāṃ	vraṇavac cācaret kriyām
SS.5.7	SS.5.7.43	H	grouped-minor	degemination	v			vi	vviṣaṃ	viṣaṃ
SS.5.7	SS.5.7.44	K	editorial-surface	avagraha		'		bh	bhilālimān | avyaktavadhiro	'bhilālimān | avyaktavadhiro
SS.5.7	SS.5.7.44	H	editorial-surface	other	k	bh	'	il	'kilālimān | avyaktavadhiro	'bhilālimān | avyaktavadhiro
SS.5.7	SS.5.7.47	H	grouped-minor	nasal-anusvara	n	ṃ	ta		tan	taṃ
SS.5.7	SS.5.7.48	H	grouped-minor	degemination	d		ir	di	vinirddiśet | yadi	vinirdiśet | yadi
SS.5.7	SS.5.7.48	K	editorial-surface	other	y	p	as	ar	śabdasyarśanadarśanaiḥ |	śabdasparśanadarśanaiḥ
SS.5.7	SS.5.7.48	K	editorial-surface	punctuation	 |		iḥ		śabdasyarśanadarśanaiḥ |	śabdasparśanadarśanaiḥ
SS.5.7	SS.5.7.48	H	editorial-surface	other	y	p	as	ar	śabdasyarśanadarśamaiḥ ||	śabdasparśanadarśanaiḥ
SS.5.7	SS.5.7.48	H	editorial-surface	nasal-anusvara	m	n	śa	ai	śabdasyarśanadarśamaiḥ ||	śabdasparśanadarśanaiḥ
SS.5.7	SS.5.7.48	H	editorial-surface	punctuation	 ||		iḥ		śabdasyarśanadarśamaiḥ ||	śabdasparśanadarśanaiḥ
SS.5.7	SS.5.7.49ab	H	grouped-minor	nasal-anusvara	n	ṃ	sa	 t	jalatrāsan tu tam	jalatrāsaṃ tu taṃ
SS.5.7	SS.5.7.49ab	H	grouped-minor	nasal-anusvara	m	ṃ	ta		jalatrāsan tu tam	jalatrāsaṃ tu taṃ
SS.5.7	SS.5.7.50cd	H	grouped-minor	nasal-anusvara	n	ṃ	ta		daṃśaṃ tan	daṃśaṃ taṃ
SS.5.7	SS.5.7.51	H	grouped-minor	degemination	k		rk	ak	pāyayet | arkkakṣīrayutañ	pāyayet | arkakṣīrayutañ
SS.5.7	SS.5.7.51	K	grouped-minor	nasal-anusvara	ṃ	m	na		dadyād virecanaṃ	dadyād virecanam
SS.5.7	SS.5.7.51	H	grouped-minor	nasal-anusvara	ṃ	m	na		dadyād virecanaṃ	dadyād virecanam
SS.5.7	SS.5.7.52ab	K	grouped-minor	nasal-anusvara	ṃ	m	tā		dadyād dhuttūrakāyutāṃ	dadyād dhuttūrakāyutām
SS.5.7	SS.5.7.52ab	H	grouped-minor	nasal-anusvara	ṃ	m	tā		dadyād dhuttūrakāyutāṃ	dadyād dhuttūrakāyutām
SS.5.7	SS.5.7.60.add-1	K	editorial-surface	ba-va	v	b		īj	vījaratnauṣadhīgarbhaiḥ	bījaratnauṣadhīgarbhaiḥ
SS.5.7	SS.5.7.60.add-1	H	editorial-surface	ba-va	v	b		īj	vījaratnauṣadhīgavbhaiḥ	bījaratnauṣadhīgarbhaiḥ
SS.5.7	SS.5.7.60.add-1	H	editorial-surface	other	v	r	ga	bh	vījaratnauṣadhīgavbhaiḥ	bījaratnauṣadhīgarbhaiḥ
SS.5.7	SS.5.7.62	H	grouped-minor	punctuation		|| 	t 	sv	cirāt svāhā	cirāt || svāhā
SS.5.7	SS.5.7.62	H	grouped-minor	nasal-anusvara	ṃ	n	na		dadyāt saṃśodhanaṃ	dadyāt saṃśodhanan
SS.5.6	SS.5.6.1	H	grouped-minor	nasal-anusvara	m	ṃ	pa		kalpam	kalpaṃ
SS.5.6	SS.5.6.4	K	grouped-minor	punctuation	 		ra	mu	viṣān sarvān pra mucyate	viṣān sarvān pramucyate
SS.5.6	SS.5.6.4	H	grouped-minor	degemination	v		rv	ān	viṣān sarvvān pra mucyate	viṣān sarvān pramucyate
SS.5.6	SS.5.6.4	H	grouped-minor	punctuation	 		ra	mu	viṣān sarvvān pra mucyate	viṣān sarvān pramucyate
SS.5.6	SS.5.6.7	H	grouped-minor	degemination	p		rp	āṅ	sarppāṅkuśo	sarpāṃkuśo
SS.5.6	SS.5.6.7	H	grouped-minor	nasal-anusvara	ṅ	ṃ	pā	ku	sarppāṅkuśo	sarpāṃkuśo
SS.5.6	SS.5.6.12	K	grouped-minor	nasal-anusvara	ṃ	m	kā		māṣakāṃ	māṣakām
SS.5.6	SS.5.6.12	H	grouped-minor	nasal-anusvara	ṃ	m	kā		māṣakāṃ	māṣakām
SS.5.6	SS.5.6.13	K	grouped-minor	nasal-anusvara	ṃ	m	ta		sañjīvayet mṛtaṃ	sañjīvayet mṛtam
SS.5.6	SS.5.6.13	H	grouped-minor	nasal-anusvara	ṃ	m	ta		sañjīvayet mṛtaṃ	sañjīvayet mṛtam
SS.5.6	SS.5.6.14	K	grouped-minor	nasal-anusvara	ṃ	m	ka		tailaparṇṇikaṃ	tailaparṇṇikam
SS.5.6	SS.5.6.15	H	grouped-minor	nasal-anusvara	ñ	ṃ	hā		sanakhāñ	sanakhāṃ
SS.5.6	SS.5.6.17	H	grouped-minor	nasal-anusvara	ṃ	m	ṭā		sakuṭannaṭāṃ	sakuṭannaṭām
SS.5.6	SS.5.6.17	K	grouped-minor	nasal-anusvara	ṃ	m	vā		kālānusārivāṃ	kālānusārivām
SS.5.6	SS.5.6.18	K	editorial-surface	nasal-anusvara	m			at	mativiṣāṃ	ativiṣāṃ
SS.5.6	SS.5.6.18	H	editorial-surface	nasal-anusvara		ṃ	ṣā		ativiṣā	ativiṣāṃ
SS.5.6	SS.5.6.18	H	grouped-minor	nasal-anusvara	ṃ	m	ṇī		indravāruṇīṃ	indravāruṇīm
SS.5.6	SS.5.6.19	K	grouped-minor	nasal-anusvara	ṃ	m	kī		saharītakīṃ	saharītakīm
SS.5.6	SS.5.6.19	H	grouped-minor	nasal-anusvara	ṃ	m	kī		saharītakīṃ	saharītakīm
SS.5.6	SS.5.6.20	K	grouped-minor	nasal-anusvara	ṃ	m	ka		tathārjakaṃ	tathārjakam
SS.5.6	SS.5.6.20	H	grouped-minor	degemination	j		rj	ak	tathārjjakaṃ	tathārjakam
SS.5.6	SS.5.6.20	H	grouped-minor	nasal-anusvara	ṃ	m	ka		tathārjjakaṃ	tathārjakam
SS.5.6	SS.5.6.20	K	grouped-minor	punctuation	 		ka	su	campakāśoka sumanā tilaka prasavāni	campakāśokasumanātilakaprasavāni
SS.5.6	SS.5.6.20	K	grouped-minor	punctuation	 		nā	ti	campakāśoka sumanā tilaka prasavāni	campakāśokasumanātilakaprasavāni
SS.5.6	SS.5.6.20	K	grouped-minor	punctuation	 		ka	pr	campakāśoka sumanā tilaka prasavāni	campakāśokasumanātilakaprasavāni
SS.5.6	SS.5.6.21	H	grouped-minor	punctuation	 		lī	śe	pāṭalīśālmalī śelū śirīṣāṇān	pāṭalīśālmalīśelūśirīṣāṇān
SS.5.6	SS.5.6.21	H	grouped-minor	punctuation	 		lū	śi	pāṭalīśālmalī śelū śirīṣāṇān	pāṭalīśālmalīśelūśirīṣāṇān
SS.5.6	SS.5.6.23	H	grouped-minor	nasal-anusvara	n	ṃ	ṇa	 t	cūrṇṇan tu	cūrṇṇaṃ tu
SS.5.6	SS.5.6.24	K	grouped-minor	punctuation	 		ha	vi	bhagnaskandha vivṛttākṣaṃ	bhagnaskandhavivṛttākṣaṃ
SS.5.6	SS.5.6.25	K	grouped-minor	nasal-anusvara	ṃ	m	ṣa		viṣaṃ	viṣam
SS.5.6	SS.5.6.25	H	grouped-minor	degemination	v			vi	vviṣaṃ	viṣam
SS.5.6	SS.5.6.25	H	grouped-minor	nasal-anusvara	ṃ	m	ṣa		vviṣaṃ	viṣam
SS.5.6	SS.5.6.31	K	grouped-minor	nasal-anusvara	ṃ	m	pa		ātapaṃ	ātapam
SS.5.6	SS.5.6.31	H	grouped-minor	nasal-anusvara	ṃ	m	pa		ātapaṃ	ātapam
SS.5.6	SS.5.6.31	H	grouped-minor	degemination	j		ar	ja	varjjayīta	varjayīta
SS.5.6	SS.5.6.32	K	grouped-minor	nasal-anusvara	ṃ	m	ka		samamūtraviṭkaṃ	samamūtraviṭkam
SS.5.6	SS.5.6.32	H	grouped-minor	nasal-anusvara	ṃ	m	ka		samamūtraviṭkaṃ	samamūtraviṭkam
SS.5.6	SS.5.6.32	H	grouped-minor	degemination	v		ar	ve	prasannasarvvendriyacittaceṣṭaṃ	prasannasarvendriyacittaceṣṭaṃ
SS.5.6	SS.5.6.32	H	grouped-minor	nasal-anusvara	m	ṃ	ṣa		'vagacched aviṣam	'vagacched aviṣaṃ
SS.5.8	SS.5.8.4	K	grouped-minor	punctuation	 |		āḥ		matāḥ |	matāḥ
SS.5.8	SS.5.8.4	H	grouped-minor	degemination	v		rv	id	caturvvidhāḥ	caturvidhāḥ
SS.5.8	SS.5.8.5	H	editorial-surface	other	s t	gn	gā	ya	ucciṭiṅgās tyalpavāco	ucciṭiṅgāgnyalpavācaḥ
SS.5.8	SS.5.8.5	H	editorial-surface	other	o	aḥ	āc		ucciṭiṅgās tyalpavāco	ucciṭiṅgāgnyalpavācaḥ
SS.5.8	SS.5.8.6	H	grouped-minor	degemination	d		rd	o	śatakurddo	śatakurdo
SS.5.8	SS.5.8.6	H	grouped-minor	punctuation	 		jī	va	'bhirājī va	'bhirājīva
SS.5.8	SS.5.8.7cd	H	grouped-minor	insertion		ḥ	ṭā		kīṭā	kīṭāḥ
SS.5.8	SS.5.8.8	H	grouped-minor	degemination	g		rg	o	svarggo	svargo
SS.5.8	SS.5.8.9	K	editorial-surface	ba-va	v	b		ra	vrahmaṇīkā	brahmaṇīkā
SS.5.8	SS.5.8.9	H	editorial-surface	ba-va	v	b		ra	vrahmaṇīkā	brahmaṇīkā
SS.5.8	SS.5.8.9	K	editorial-surface	ba-va	v	b		āh	vāhyakaḥ	bāhyakaḥ
SS.5.8	SS.5.8.9	H	editorial-surface	ba-va	v	b		āh	vāhyakaḥ	bāhyakaḥ
SS.5.8	SS.5.8.15	H	grouped-minor	visarga	s	ḥ	ka		valabhikas	valabhikaḥ
SS.5.8	SS.5.8.20cd	H	grouped-minor	insertion		ḥ	hā		śophā	śophāḥ
SS.5.8	SS.5.8.21ab	H	grouped-minor	degemination	d		ar	dr	darddruś ca	dardruś ca
SS.5.8	SS.5.8.28-verse-1	K	editorial-surface	ba-va	v	b		ah	vahuvarṇṇo	bahuvarṇṇo
SS.5.8	SS.5.8.28-verse-1	H	editorial-surface	ba-va	v	b		ah	vahuvarṇṇo	bahuvarṇṇo
SS.5.8	SS.5.8.29-verse-1	K	editorial-surface	sibilant	s	ś		ve	svetā	śvetā
SS.5.8	SS.5.8.29-verse-1	H	editorial-surface	sibilant	s	ś		ve	svetā	śvetā
SS.5.8	SS.5.8.29-verse-2	H	grouped-minor	degemination	d			da	ddaṣṭe	daṣṭe
SS.5.8	SS.5.8.29-verse-2	H	grouped-minor	nasal-anusvara	ṃ	m	ṇa		dāruṇaṃ	dāruṇam
SS.5.8	SS.5.8.30-verse-1	K	editorial-surface	sibilant	s	ś		ve	svetāgnivarṇṇā ca	śvetāgnivarṇṇā ca
SS.5.8	SS.5.8.30-verse-1	H	editorial-surface	sibilant	s	ś		ve	svetāgnivarṇṇā ca	śvetāgnivarṇṇā ca
SS.5.8	SS.5.8.31-verse-1	K	editorial-surface	avagraha		'		ya	yam	'yam
SS.5.8	SS.5.8.31-verse-1	H	editorial-surface	avagraha		'		ya	yam	'yam
SS.5.8	SS.5.8.32-verse	K	editorial-surface	insertion		r	ai		dāhajvararujāvahāḥ | tai	dāhajvararujāvahāḥ | tair
SS.5.8	SS.5.8.32-verse	H	editorial-surface	other	p	v	jā	ah	dāhajvararujāpahāḥ || tair	dāhajvararujāvahāḥ | tair
SS.5.8	SS.5.8.32-verse	H	editorial-surface	punctuation	|		 |	 t	dāhajvararujāpahāḥ || tair	dāhajvararujāvahāḥ | tair
SS.5.8	SS.5.8.34-verse-1	K	editorial-surface	other	e	aṃ	nm	 c	koṭhajanme ca	koṭhajanmaṃ ca
SS.5.8	SS.5.8.34-verse-1	K	editorial-surface	other	g	s		am	gamvāhikā	samvāhikā
SS.5.8	SS.5.8.34-verse-1	H	editorial-surface	other	g	s		am	gamvāhikā	samvāhikā
SS.5.8	SS.5.8.34-verse-1	K	editorial-surface	ba-va	v	b		rā	vrāhmaṇy	brāhmaṇy
SS.5.8	SS.5.8.34-verse-1	H	editorial-surface	ba-va	v	b		rā	vrāhmaṇy	brāhmaṇy
SS.5.8	SS.5.8.34-verse-2	K	grouped-minor	punctuation	 |		ca		eva ca |	eva ca
SS.5.8	SS.5.8.36-verse-3	K	editorial-surface	ba-va	v	b	ga	ah	rāgavahulaṃ	rāgabahulaṃ
SS.5.8	SS.5.8.36-verse-3	H	editorial-surface	ba-va	v	b	ga	ah	rāgavahulaṃ	rāgabahulaṃ
SS.5.8	SS.5.8.42	H	grouped-minor	degemination	p		ar	pa	sarppavat samupācaret | trividhānām tu	sarpavat samupācaret | trividhānān tu
SS.5.8	SS.5.8.42	H	grouped-minor	nasal-anusvara	m	n	nā	 t	sarppavat samupācaret | trividhānām tu	sarpavat samupācaret | trividhānān tu
SS.5.8	SS.5.8.42	H	grouped-minor	nasal-anusvara	m	ṃ	ya		traividhyam	traividhyaṃ
SS.5.8	SS.5.8.43	K	editorial-surface	ba-va	v	b		ah	vahuprakārāṃś	bahuprakārāṃś
SS.5.8	SS.5.8.58	K	editorial-surface	other	e	ā	hy		madhye	madhyā
SS.5.8	SS.5.8.58	H	editorial-surface	other	e	ā	hy		madhye	madhyā
SS.5.8	SS.5.8.58	K	grouped-minor	degemination	t		ot	he	śakṛtkotthe	śakṛtkothe
SS.5.8	SS.5.8.59	K	editorial-surface	deletion	r		ūm	aḥ	romaśīrṣogradhūmraḥ	romaśīrṣogradhūmaḥ
SS.5.8	SS.5.8.59	H	editorial-surface	deletion	r		ūm	aḥ	romaśīrṣogradhūmraḥ	romaśīrṣogradhūmaḥ
SS.5.8	SS.5.8.59	H	grouped-minor	degemination	v		rv	e	sarvve	sarve
SS.5.8	SS.5.8.59	K	editorial-surface	avagraha		'		py	py	'py
SS.5.8	SS.5.8.59	H	editorial-surface	avagraha		'		py	py	'py
SS.5.8	SS.5.8.60cd	K	editorial-surface	ba-va	v	b	ta	dh	gātrastavdhaḥ	gātrastabdhaḥ
SS.5.8	SS.5.8.60cd	H	editorial-surface	ba-va	v	b	ta	dh	gātrastavdhaḥ	gātrastabdhaḥ
SS.5.8	SS.5.8.61	H	grouped-minor	punctuation		 	ca	tī	catīvraḥ	ca tīvraḥ
SS.5.8	SS.5.8.61	H	grouped-minor	nasal-anusvara	m	ṃ	ta		raktam	raktaṃ
SS.5.8	SS.5.8.61	H	grouped-minor	nasal-anusvara	ṅ	ṃ	ta		pītaṅ	pītaṃ
SS.5.8	SS.5.8.61	K	grouped-minor	nasal-anusvara	n	ṃ	ra	 t	codaran tu	codaraṃ tu
SS.5.8	SS.5.8.63	K	editorial-surface	ba-va	v	b	śa	al	śavalo	śabalo
SS.5.8	SS.5.8.63	H	editorial-surface	ba-va	v	b	śa	al	śavalo	śabalo
SS.5.8	SS.5.8.63	K	grouped-minor	other	ś	ḥ	va		śyāvaś	śyāvaḥ
SS.5.8	SS.5.8.64cd	H	grouped-minor	degemination	v		ūr	va	pūrvvavad ekaparvvā	pūrvavad ekaparvā
SS.5.8	SS.5.8.64cd	H	grouped-minor	degemination	v		rv	ā	pūrvvavad ekaparvvā	pūrvavad ekaparvā
SS.5.8	SS.5.8.64cd	H	grouped-minor	degemination	v		rv	ā	pūrvvā	pūrvā
SS.5.8	SS.5.8.67ab	H	grouped-minor	degemination	d			da	ddaṣṭām̐ś	daṣṭāṃś
SS.5.8	SS.5.8.67ab	H	grouped-minor	other	m̐	ṃ	ṭā	ś	ddaṣṭām̐ś	daṣṭāṃś
SS.5.8	SS.5.8.69	H	grouped-minor	degemination	p		rp	iḥ	sarppiḥ	sarpiḥ
SS.5.8	SS.5.8.69	H	grouped-minor	degemination	k		rk	ar	vahuśarkkaraṃ	vahuśarkaraṃ
SS.5.8	SS.5.8.71cd	H	grouped-minor	nasal-anusvara	ñ	ṃ	ta		suhitañ	suhitaṃ
SS.5.8	SS.5.8.71cd	H	grouped-minor	degemination	j		ur	jā	caturjjātakavāsitaṃ	caturjātakavāsitaṃ
SS.5.8	SS.5.8.73	K	editorial-surface	avagraha		'		ya	yaṃ	'yaṃ
SS.5.8	SS.5.8.73	H	editorial-surface	avagraha		'		ya	yaṃ	'yaṃ
SS.5.8	SS.5.8.73	K	grouped-minor	nasal-anusvara	m	ṃ	ka		kṣaudrakam	kṣaudrakaṃ
SS.5.8	SS.5.8.73	H	grouped-minor	nasal-anusvara	m	ṃ	ka		kṣaudrakam	kṣaudrakaṃ
SS.5.8	SS.5.8.75	H	grouped-minor	punctuation	|		t 	| 	yat || duścikitsyatamañ	yat | duścikitsyatamañ
SS.5.8	SS.5.8.76	H	grouped-minor	nasal-anusvara	ṅ	ṃ	śa	ki	saviśaṅkite	saviśaṃkite
SS.5.8	SS.5.8.79	H	grouped-minor	nasal-anusvara	ṅ	ṃ	vā	ku	navāṅkureṇa na	navāṃkureṇa na
SS.5.8	SS.5.8.80	K	grouped-minor	punctuation	 		na	ma	parinimna madhyam	parinimnamadhyam
SS.5.8	SS.5.8.81	H	grouped-minor	nasal-anusvara	m	ṃ	śa		daṃśam	daṃśaṃ
SS.5.8	SS.5.8.83	H	grouped-minor	nasal-anusvara	m	ṃ	ṣā		yeṣām	yeṣāṃ
SS.5.8	SS.5.8.86	K	editorial-surface	other	g	k	sa	aṇ	koṭhaṃ sagaṇḍasthiram	koṭhaṃ sakaṇḍūsthiram
SS.5.8	SS.5.8.86	K	editorial-surface	other	a	ū	ṇḍ	st	koṭhaṃ sagaṇḍasthiram	koṭhaṃ sakaṇḍūsthiram
SS.5.8	SS.5.8.86	H	editorial-surface	nasal-anusvara	n	ṃ	ha	 s	koṭhan sakaṇḍūsthiram	koṭhaṃ sakaṇḍūsthiram
SS.5.8	SS.5.8.87	H	grouped-minor	nasal-anusvara	ṅ	ṃ	da	śe	daṅśe tu	daṃśe tu
SS.5.8	SS.5.8.88	K	grouped-minor	nasal-anusvara	ṃ	m	ḍu		prapakvāmalapīlupāṇḍuṃ	prapakvāmalapīlupāṇḍum
SS.5.8	SS.5.8.88	H	grouped-minor	nasal-anusvara	n	ṃ	ta	 t	etāvad etat samudāhṛtan te	etāvad etat samudāhṛtaṃ te
SS.5.8	SS.5.8.88	H	grouped-minor	nasal-anusvara	ṃ	m	ṇa		pramāṇaṃ	pramāṇam
SS.5.8	SS.5.8.91	H	grouped-minor	degemination	c		rc	as	tatsamavarccasaḥ	tatsamavarcasaḥ
SS.5.8	SS.5.8.92ab	K	editorial-surface	other	ven			dh	vendhenvarthe	dhenvarthe
SS.5.8	SS.5.8.92ab	H	editorial-surface	other	ven			dh	vendheṇvarthe	dhenvarthe
SS.5.8	SS.5.8.92ab	H	editorial-surface	nasal-anusvara	ṇ	n	he	va	vendheṇvarthe	dhenvarthe
SS.5.8	SS.5.8.100	H	grouped-minor	degemination	v		ar	va	sarvvalūtānām	sarvalūtānām
SS.5.8	SS.5.8.101	K	editorial-surface	ba-va	v	b		ah	vahalaṃ	bahalaṃ
SS.5.8	SS.5.8.101	H	editorial-surface	ba-va	v	b		ah	vahalaṃ	bahalaṃ
SS.5.8	SS.5.8.101	K	editorial-surface	ba-va	v	b	| 	ād	asṛk | vādhiryaṃ	asṛk | bādhiryaṃ
SS.5.8	SS.5.8.101	H	editorial-surface	ba-va	v	b	| 	ād	asṛk | vādhiryaṃ	asṛk | bādhiryaṃ
SS.5.8	SS.5.8.105	K	editorial-surface	sibilant	s		kā		piṭakās	piṭakā
SS.5.8	SS.5.8.105	H	editorial-surface	other	ḍ	ṭ	pi	ak	piḍakās	piṭakā
SS.5.8	SS.5.8.105	H	editorial-surface	sibilant	s		kā		piḍakās	piṭakā
SS.5.8	SS.5.8.106	K	grouped-minor	punctuation	 		ma	pa	padma padmaka kuṣṭhaila karañja kakubha tvacaḥ	padmapadmakakuṣṭhailakarañjakakubhatvacaḥ
SS.5.8	SS.5.8.106	K	grouped-minor	punctuation	 		ka	ku	padma padmaka kuṣṭhaila karañja kakubha tvacaḥ	padmapadmakakuṣṭhailakarañjakakubhatvacaḥ
SS.5.8	SS.5.8.106	K	grouped-minor	punctuation	 		la	ka	padma padmaka kuṣṭhaila karañja kakubha tvacaḥ	padmapadmakakuṣṭhailakarañjakakubhatvacaḥ
SS.5.8	SS.5.8.106	K	grouped-minor	punctuation	 		ja	ka	padma padmaka kuṣṭhaila karañja kakubha tvacaḥ	padmapadmakakuṣṭhailakarañjakakubhatvacaḥ
SS.5.8	SS.5.8.106	K	grouped-minor	punctuation	 		ha	tv	padma padmaka kuṣṭhaila karañja kakubha tvacaḥ	padmapadmakakuṣṭhailakarañjakakubhatvacaḥ
SS.5.8	SS.5.8.106	K	editorial-surface	punctuation	 		rā	ka	sthirā kampilyapāmārga dūrvā vrāhmyau	sthirākampilyāpāmārgadūrvābrāhmyau
SS.5.8	SS.5.8.106	K	editorial-surface	vowel-length	a	ā	ly	pā	sthirā kampilyapāmārga dūrvā vrāhmyau	sthirākampilyāpāmārgadūrvābrāhmyau
SS.5.8	SS.5.8.106	K	editorial-surface	punctuation	 		ga	dū	sthirā kampilyapāmārga dūrvā vrāhmyau	sthirākampilyāpāmārgadūrvābrāhmyau
SS.5.8	SS.5.8.106	K	editorial-surface	ba-va	 v	b	vā	rā	sthirā kampilyapāmārga dūrvā vrāhmyau	sthirākampilyāpāmārgadūrvābrāhmyau
SS.5.8	SS.5.8.108	K	editorial-surface	ba-va	v	b	jā	al	kakubhośīramuñjāvalvajavañjalāḥ |	kakubhośīramuñjābalvajavañjalāḥ
SS.5.8	SS.5.8.108	K	editorial-surface	punctuation	 |		āḥ		kakubhośīramuñjāvalvajavañjalāḥ |	kakubhośīramuñjābalvajavañjalāḥ
SS.5.8	SS.5.8.108	H	editorial-surface	ba-va	v	b	jā	al	kakubhośīramuñjāvalvajavañjalāḥ |	kakubhośīramuñjābalvajavañjalāḥ
SS.5.8	SS.5.8.108	H	editorial-surface	punctuation	 |		āḥ		kakubhośīramuñjāvalvajavañjalāḥ |	kakubhośīramuñjābalvajavañjalāḥ
SS.5.8	SS.5.8.108	K	grouped-minor	punctuation	 		hī	śi	kuśakāśavaṃśakiṇihī śirīṣakakubhatvacaḥ	kuśakāśavaṃśakiṇihīśirīṣakakubhatvacaḥ
SS.5.8	SS.5.8.109	K	editorial-surface	vowel-length	a	ā	c	la	calaviṣānvite |	cālaviṣānvite
SS.5.8	SS.5.8.109	K	editorial-surface	punctuation	 |		te		calaviṣānvite |	cālaviṣānvite
SS.5.8	SS.5.8.110	K	grouped-minor	nasal-anusvara	ṃ	ṅ	ya	gu	priyaṃguhrīverakuṣṭhalāmajjakāni vā	priyaṅguhrīverakuṣṭhalāmajjakāni vā
SS.5.8	SS.5.8.112	K	grouped-minor	punctuation	 		ha	pa	manaḥśilālamadhukakuṣṭha padmakacandanaiḥ	manaḥśilālamadhukakuṣṭhapadmakacandanaiḥ
SS.5.8	SS.5.8.112	H	grouped-minor	punctuation	 		ha	pa	manaḥśilālamadhukakuṣṭha padmakacandanaiḥ	manaḥśilālamadhukakuṣṭhapadmakacandanaiḥ
SS.5.8	SS.5.8.114	H	grouped-minor	degemination	j		ār	ju	karttavyārjjunaśelubhyāṃ	karttavyārjunaśelubhyāṃ
SS.5.8	SS.5.8.115	K	editorial-surface	other	ā	o	ṃś		kasanādaṃśā	kasanādaṃśo
SS.5.8	SS.5.8.115	H	editorial-surface	other		śo	aṃ		kasanādaṃ	kasanādaṃśo
SS.5.8	SS.5.8.115	H	grouped-minor	punctuation	|		t 	| 	sravet || śvāsakāsau ca	sravet | śvāsakāsau ca
SS.5.8	SS.5.8.120	H	grouped-minor	degemination	v		ar	ve	sarvveṣām	sarveṣām
SS.5.8	SS.5.8.120	K	grouped-minor	nasal-anusvara	ṃ	m	ca		śleṣmātakatvacaṃ	śleṣmātakatvacam
SS.5.8	SS.5.8.120	H	grouped-minor	degemination	v		ar	va	sarvvavikāreṣu	sarvavikāreṣu
SS.5.8	SS.5.8.121	K	editorial-surface	punctuation	 		ya	vi	avārya viṣavīryāṇāṃ	avāryaviṣavīryāṇāṃ
SS.5.8	SS.5.8.123	K	editorial-surface	other	ḥ	ṃ	ma		dhyāmaḥ	dhyāmaṃ
SS.5.8	SS.5.8.123	H	editorial-surface	other	ḥ	ṃ	ma		dhyāmaḥ	dhyāmaṃ
SS.5.8	SS.5.8.123	H	grouped-minor	punctuation	 ||		yā		lājavarṇṇayā ||	lājavarṇṇayā
SS.5.8	SS.5.8.124	H	grouped-minor	punctuation	 ||		te		rājimān avadīryate ||	rājimān avadīryate
SS.5.8	SS.5.8.125	K	editorial-surface	insertion		y	ad	ā	eṇīpadā	eṇīpadyā
SS.5.8	SS.5.8.125	H	editorial-surface	insertion		y	ad	ā	eṇīpadā	eṇīpadyā
SS.5.8	SS.5.8.126	H	grouped-minor	punctuation	 		hā	ni	tṛṣāmūrcchā nidrāhṛdrogapīḍitaḥ	tṛṣāmūrcchānidrāhṛdrogapīḍitaḥ
SS.5.8	SS.5.8.128	K	grouped-minor	other	ṃ |	m	ta		cikitsitaṃ |	cikitsitam
SS.5.8	SS.5.8.128	H	grouped-minor	nasal-anusvara	ṃ	m	ta		cikitsitaṃ	cikitsitam
SS.5.8	SS.5.8.128	K	grouped-minor	nasal-anusvara	ṃ	m	ta		cchedakarmavivarjitaṃ	cchedakarmavivarjitam
SS.5.8	SS.5.8.128	H	grouped-minor	degemination	m		rm	av	cchedakarmmavivarjjitaṃ	cchedakarmavivarjitam
SS.5.8	SS.5.8.128	H	grouped-minor	degemination	j		rj	it	cchedakarmmavivarjjitaṃ	cchedakarmavivarjitam
SS.5.8	SS.5.8.128	H	grouped-minor	nasal-anusvara	ṃ	m	ta		cchedakarmmavivarjjitaṃ	cchedakarmavivarjitam
SS.5.8	SS.5.8.129.add-1	K	editorial-surface	ba-va	v	b	am	oṣ	jamvoṣṭhena	jamboṣṭhena
SS.5.8	SS.5.8.129.add-1	H	editorial-surface	ba-va	v	b	am	oṣ	jamvoṣṭhena	jamboṣṭhena
SS.5.8	SS.5.8.137	K	grouped-minor	punctuation	 		va	gu	kiṇva guggula godantapārāvatamalair	kiṇvaguggulagodantapārāvatamalair
SS.5.8	SS.5.8.137	K	grouped-minor	punctuation	 		la	go	kiṇva guggula godantapārāvatamalair	kiṇvaguggulagodantapārāvatamalair
SS.5.8	SS.5.8.139	K	grouped-minor	nasal-anusvara	ṃ	m	ra		paraṃ	param
SS.5.8	SS.5.8.140	H	grouped-minor	degemination	d		ir	di	ihoddiṣṭān anirddiṣṭān arthān vakṣyāmi	ihoddiṣṭān anirdiṣṭān arthān vakṣyāmi
SS.5.8	SS.5.8.140.add-1	K	editorial-surface	ba-va	v	b	ya	āl	vyādhikāryavālāvalaṃ	vyādhikāryabālābalaṃ
SS.5.8	SS.5.8.140.add-1	K	editorial-surface	ba-va	v	b	lā	al	vyādhikāryavālāvalaṃ	vyādhikāryabālābalaṃ
SS.5.8	SS.5.8.140.add-1	H	editorial-surface	other	va	bā	ya	lā	vyādhikāryavalāvalaṃ ||	vyādhikāryabālābalaṃ
SS.5.8	SS.5.8.140.add-1	H	editorial-surface	ba-va	v	b	lā	al	vyādhikāryavalāvalaṃ ||	vyādhikāryabālābalaṃ
SS.5.8	SS.5.8.140.add-1	H	editorial-surface	punctuation	 ||		aṃ		vyādhikāryavalāvalaṃ ||	vyādhikāryabālābalaṃ
SS.5.8	SS.5.8.140.add-4	H	grouped-minor	nasal-anusvara	ṃ	m	ta		smṛtaṃ	smṛtam
SS.5.8	SS.5.8.142	K	editorial-surface	other	ḥ |		ta		suśrutaḥ |	suśruta
SS.5.8	SS.5.8.143.add-3	K	editorial-surface	ba-va	v	b		al	valavato	balavato
SS.5.8	SS.5.8.143.add-3	H	editorial-surface	ba-va	v	b		al	valavato	balavato
SS.5.8	SS.5.8.143.add-4	H	grouped-minor	nasal-anusvara	n	ṃ	ṇā		upadravāṇān	upadravāṇāṃ
SS.5.8	SS.5.8.143.add-6	H	grouped-minor	degemination	p		ar	pa	sarppadaṣṭaviṣajñānaṃ	sarpadaṣṭaviṣajñānaṃ
SS.6.17	SS.6.17.3	K	grouped-minor	avagraha		'		sā	sādhyāḥ	'sādhyāḥ
SS.6.17	SS.6.17.3	H	grouped-minor	punctuation	 |		ha		bhavanti ha |	bhavanti ha
SS.6.17	SS.6.17.10	K	editorial-surface	other	m	l	as	eṣ	bhiṣak pittasmeṣmavibhāvitau |	bhiṣak pittasleṣmavibhāvitau
SS.6.17	SS.6.17.10	K	editorial-surface	punctuation	 |		au		bhiṣak pittasmeṣmavibhāvitau |	bhiṣak pittasleṣmavibhāvitau
SS.6.17	SS.6.17.10	H	editorial-surface	sibilant	ś	s	ta	le	bhiṣak pittaśleṣmavibhivitau |	bhiṣak pittasleṣmavibhāvitau
SS.6.17	SS.6.17.10	H	editorial-surface	other	i	ā	bh	vi	bhiṣak pittaśleṣmavibhivitau |	bhiṣak pittasleṣmavibhāvitau
SS.6.17	SS.6.17.10	H	editorial-surface	punctuation	 |		au		bhiṣak pittaśleṣmavibhivitau |	bhiṣak pittasleṣmavibhāvitau
SS.6.17	SS.6.17.12	K	editorial-surface	sibilant	s	ś	lī	aṃ	rasāñjanaghṛtakṣaudratālīsaṃ	rasāñjanaghṛtakṣaudratālīśaṃ
SS.6.17	SS.6.17.12	K	grouped-minor	degemination	ṇ		ar	ṇa	svarṇṇagairikaiḥ	svarṇagairikaiḥ
SS.6.17	SS.6.17.12	H	grouped-minor	degemination	ṇ		ar	ṇa	svarṇṇagairikaiḥ	svarṇagairikaiḥ
SS.6.17	SS.6.17.13	K	editorial-surface	sibilant	s	ś		īt	sītasauvīrakam	śītasauvīrakam
SS.6.17	SS.6.17.15	K	editorial-surface	sibilant	s	ś	ār	ma	kārsmarī puṣpamadhukadārvīlodhrarasāñjanaiḥ |	kārśmarīpuṣpamadhukadārvīlodhrarasāñjanaiḥ
SS.6.17	SS.6.17.15	K	editorial-surface	punctuation	 		rī	pu	kārsmarī puṣpamadhukadārvīlodhrarasāñjanaiḥ |	kārśmarīpuṣpamadhukadārvīlodhrarasāñjanaiḥ
SS.6.17	SS.6.17.15	K	editorial-surface	punctuation	 |		iḥ		kārsmarī puṣpamadhukadārvīlodhrarasāñjanaiḥ |	kārśmarīpuṣpamadhukadārvīlodhrarasāñjanaiḥ
SS.6.17	SS.6.17.15	H	editorial-surface	insertion		r	kā	śm	kāśmarī puṣpamadhukadārvvīlodhrarasāñjanaiḥ |	kārśmarīpuṣpamadhukadārvīlodhrarasāñjanaiḥ
SS.6.17	SS.6.17.15	H	editorial-surface	punctuation	 		rī	pu	kāśmarī puṣpamadhukadārvvīlodhrarasāñjanaiḥ |	kārśmarīpuṣpamadhukadārvīlodhrarasāñjanaiḥ
SS.6.17	SS.6.17.15	H	editorial-surface	degemination	v		ār	vī	kāśmarī puṣpamadhukadārvvīlodhrarasāñjanaiḥ |	kārśmarīpuṣpamadhukadārvīlodhrarasāñjanaiḥ
SS.6.17	SS.6.17.15	H	editorial-surface	punctuation	 |		iḥ		kāśmarī puṣpamadhukadārvvīlodhrarasāñjanaiḥ |	kārśmarīpuṣpamadhukadārvīlodhrarasāñjanaiḥ
SS.6.17	SS.6.17.15	H	grouped-minor	nasal-anusvara	n	ṃ	na		añjanan	añjanaṃ
SS.6.17	SS.6.17.27	H	editorial-surface	punctuation	 		ja	śa	nadīja śakha trikaṭuṃ	nadījaśaṅkhatrikaṭūny
SS.6.17	SS.6.17.27	H	editorial-surface	nasal-anusvara		ṅ	śa	kh	nadīja śakha trikaṭuṃ	nadījaśaṅkhatrikaṭūny
SS.6.17	SS.6.17.27	H	editorial-surface	punctuation	 		ha	tr	nadīja śakha trikaṭuṃ	nadījaśaṅkhatrikaṭūny
SS.6.17	SS.6.17.27	H	editorial-surface	other	uṃ	ūny	aṭ		nadīja śakha trikaṭuṃ	nadījaśaṅkhatrikaṭūny
SS.6.17	SS.6.17.27	K	editorial-surface	other	ca			ya	cayadrasaḥ |	yakṛdrasaḥ
SS.6.17	SS.6.17.27	K	editorial-surface	other		kṛ	ya	dr	cayadrasaḥ |	yakṛdrasaḥ
SS.6.17	SS.6.17.27	K	editorial-surface	punctuation	 |		aḥ		cayadrasaḥ |	yakṛdrasaḥ
SS.6.17	SS.6.17.17	K	grouped-minor	nasal-anusvara	ṃ	ṅ	sa	kh	saṃkhañ	saṅkhañ
SS.6.17	SS.6.17.18	K	editorial-surface	avagraha		'		th	thavā	'thavā
SS.6.17	SS.6.17.18	H	editorial-surface	avagraha		'		th	thavā	'thavā
SS.6.17	SS.6.17.18	K	editorial-surface	sibilant	ś	s	nu	ār	kālānuśārivāṃ ||	kālānusārivāṃ
SS.6.17	SS.6.17.18	K	editorial-surface	punctuation	 ||		āṃ		kālānuśārivāṃ ||	kālānusārivāṃ
SS.6.17	SS.6.17.18	H	editorial-surface	sibilant	ś	s	nu	ār	kālānuśārivāṃ ||	kālānusārivāṃ
SS.6.17	SS.6.17.18	H	editorial-surface	punctuation	 ||		āṃ		kālānuśārivāṃ ||	kālānusārivāṃ
SS.6.17	SS.6.17.19	K	grouped-minor	sibilant	s	ś	na	 c	samudraphenas ca	samudraphenaś ca
SS.6.17	SS.6.17.19	K	grouped-minor	sibilant	s	ś	ya		vartyas	vartyaś
SS.6.17	SS.6.17.21	H	grouped-minor	nasal-anusvara	ṃ	ñ	ta		meṣād yakṛd ghṛtaṃ	meṣād yakṛd ghṛtañ
SS.6.17	SS.6.17.22	K	editorial-surface	sibilant	s	ś	ko	ak	nidhāpayet | kosake	nidhāpayet | kośake
SS.6.17	SS.6.17.22	H	editorial-surface	deletion	g 			ni	g nidhāpayet | kośike	nidhāpayet | kośake
SS.6.17	SS.6.17.22	H	editorial-surface	other	i	a	oś	ke	g nidhāpayet | kośike	nidhāpayet | kośake
SS.6.17	SS.6.17.22	K	editorial-surface	other	 ya		re		khādire ya	khādire
SS.6.17	SS.6.17.22	H	editorial-surface	vowel-length	a	ā	kh	di	khadire	khādire
SS.6.17	SS.6.17.24	K	grouped-minor	nasal-anusvara	ṃ	ñ	 a	ja	yad yakṛd aṃjanena vā	yad yakṛd añjanena vā
SS.6.17	SS.6.17.30	K	editorial-surface	sibilant	s	ś		as	sasyate	śasyate
SS.6.17	SS.6.17.31	H	grouped-minor	nasal-anusvara	ṃ	ñ	sa	jñ	tan meṣaviṣāṇasaṃjñayā	tan meṣaviṣāṇasañjñayā
SS.6.17	SS.6.17.31	H	grouped-minor	punctuation	 ||		aḥ		naraḥ ||	naraḥ
SS.6.17	SS.6.17.34	K	editorial-surface	sibilant	s	ś	hā	va	tathāsvagandhātivalāvalāśritaṃ	tathāśvagandhātibalābalāśritaṃ
SS.6.17	SS.6.17.34	K	editorial-surface	ba-va	v	b	ti	al	tathāsvagandhātivalāvalāśritaṃ	tathāśvagandhātibalābalāśritaṃ
SS.6.17	SS.6.17.34	K	editorial-surface	ba-va	v	b	lā	al	tathāsvagandhātivalāvalāśritaṃ	tathāśvagandhātibalābalāśritaṃ
SS.6.17	SS.6.17.34	H	editorial-surface	ba-va	v	b	ti	al	tathāśvagandhātivalāvalaṃ śritaṃ	tathāśvagandhātibalābalāśritaṃ
SS.6.17	SS.6.17.34	H	editorial-surface	ba-va	v	b	lā	al	tathāśvagandhātivalāvalaṃ śritaṃ	tathāśvagandhātibalābalāśritaṃ
SS.6.17	SS.6.17.34	H	editorial-surface	other	aṃ 	ā	al	śr	tathāśvagandhātivalāvalaṃ śritaṃ	tathāśvagandhātibalābalāśritaṃ
SS.6.17	SS.6.17.34	H	grouped-minor	nasal-anusvara	m	ṃ	mā	sa	prayojayet || jalodbhavānūpajamāmsa saṃskṛtād ghṛtam	prayojayet || jalodbhavānūpajamāṃsasaṃskṛtād ghṛtam
SS.6.17	SS.6.17.34	H	grouped-minor	punctuation	 		sa	sa	prayojayet || jalodbhavānūpajamāmsa saṃskṛtād ghṛtam	prayojayet || jalodbhavānūpajamāṃsasaṃskṛtād ghṛtam
SS.6.17	SS.6.17.35	K	editorial-surface	punctuation	 		va	kr	sasaindhava kravyabhujenamāsa	sasaindhavakravyabhugeṇamāṃsajo
SS.6.17	SS.6.17.35	K	editorial-surface	other	j	g	hu	en	sasaindhava kravyabhujenamāsa	sasaindhavakravyabhugeṇamāṃsajo
SS.6.17	SS.6.17.35	K	editorial-surface	nasal-anusvara	n	ṇ	je	am	sasaindhava kravyabhujenamāsa	sasaindhavakravyabhugeṇamāṃsajo
SS.6.17	SS.6.17.35	K	editorial-surface	nasal-anusvara		ṃ	mā	sa	sasaindhava kravyabhujenamāsa	sasaindhavakravyabhugeṇamāṃsajo
SS.6.17	SS.6.17.35	K	editorial-surface	other		jo	sa		sasaindhava kravyabhujenamāsa	sasaindhavakravyabhugeṇamāṃsajo
SS.6.17	SS.6.17.35	H	editorial-surface	punctuation	 		va	kr	sasaindhava kravyabhujenamāsajo	sasaindhavakravyabhugeṇamāṃsajo
SS.6.17	SS.6.17.35	H	editorial-surface	other	j	g	hu	en	sasaindhava kravyabhujenamāsajo	sasaindhavakravyabhugeṇamāṃsajo
SS.6.17	SS.6.17.35	H	editorial-surface	nasal-anusvara	n	ṇ	je	am	sasaindhava kravyabhujenamāsajo	sasaindhavakravyabhugeṇamāṃsajo
SS.6.17	SS.6.17.35	H	editorial-surface	nasal-anusvara		ṃ	mā	sa	sasaindhava kravyabhujenamāsajo	sasaindhavakravyabhugeṇamāṃsajo
SS.6.17	SS.6.17.35	K	grouped-minor	punctuation	 ||		ne		sadāñjane ||	sadāñjane
SS.6.17	SS.6.17.37	H	grouped-minor	nasal-anusvara	n	ṃ	ta		samāgadhīkṣārakasaindhavānvitan	samāgadhīkṣārakasaindhavānvitaṃ
SS.6.17	SS.6.17.37	H	grouped-minor	degemination	p		rp	as	yad bhavet sarppasya	yad bhavet sarpasya
SS.6.17	SS.6.17.38	H	grouped-minor	nasal-anusvara	ñ	ṃ	ta	 c	hitañ ca	hitaṃ ca
SS.6.17	SS.6.17.38	H	grouped-minor	degemination	p		rp	aṇ	tat tarppaṇam	tat tarpaṇam
SS.6.17	SS.6.17.40	K	grouped-minor	avagraha		'		ñj	ñjanāt kācamalaṃ	'ñjanāt kācamalaṃ
SS.6.17	SS.6.17.40	H	grouped-minor	avagraha		'		ñj	ñjanāt kācamalaṃ	'ñjanāt kācamalaṃ
SS.6.17	SS.6.17.41	K	editorial-surface	other		rā	di	gr	madigrapesimā |	madirāgrapeṣitāḥ
SS.6.17	SS.6.17.41	K	editorial-surface	sibilant	s	ṣ	pe	im	madigrapesimā |	madirāgrapeṣitāḥ
SS.6.17	SS.6.17.41	K	editorial-surface	other	m	t	si	ā 	madigrapesimā |	madirāgrapeṣitāḥ
SS.6.17	SS.6.17.41	K	editorial-surface	other	 |	ḥ	mā		madigrapesimā |	madirāgrapeṣitāḥ
SS.6.17	SS.6.17.41	K	editorial-surface	sibilant	s	ṣ	pe	im	madirāgrapesimā |	madirāgrapeṣitāḥ
SS.6.17	SS.6.17.41	K	editorial-surface	other	m	t	si	ā 	madirāgrapesimā |	madirāgrapeṣitāḥ
SS.6.17	SS.6.17.41	K	editorial-surface	other	 |	ḥ	mā		madirāgrapesimā |	madirāgrapeṣitāḥ
SS.6.17	SS.6.17.41	H	editorial-surface	other	m	t	ṣi	āḥ	madirāgrapeṣimāḥ |	madirāgrapeṣitāḥ
SS.6.17	SS.6.17.41	H	editorial-surface	punctuation	 |		āḥ		madirāgrapeṣimāḥ |	madirāgrapeṣitāḥ
SS.6.17	SS.6.17.42	H	grouped-minor	degemination	p		rp	aṇ	tarppaṇe	tarpaṇe
SS.6.17	SS.6.17.44	K	editorial-surface	other	e	aṃ	it	 c	hite ca	hitaṃ ca
SS.6.17	SS.6.17.44	H	editorial-surface	other	e	aṃ	it	 c	hite ca	hitaṃ ca
SS.6.17	SS.6.17.46	H	grouped-minor	punctuation	 |		hā		pittahā |	pittahā
SS.6.17	SS.6.17.46	K	grouped-minor	degemination	v		rv	eṣ	sarvveṣv	sarveṣv
SS.6.17	SS.6.17.46	H	grouped-minor	degemination	v		rv	eṣ	sarvveṣv	sarveṣv
SS.6.17	SS.6.17.47	K	grouped-minor	deletion	✗ 			do	✗ doṣocchraye	doṣocchraye
SS.6.17	SS.6.17.47	K	grouped-minor	deletion	✗		 |	 p	yojayed bhiṣak |✗ punaś ca	yojayed bhiṣak | punaś ca
SS.6.17	SS.6.17.47	K	grouped-minor	punctuation	 	'	pe	ñj	kalpe ñjanavistaraḥ	kalpe'ñjanavistaraḥ
SS.6.17	SS.6.17.47	H	grouped-minor	punctuation	 	'	pe	ñj	kalpe ñjanavistaraḥ	kalpe'ñjanavistaraḥ
SS.6.17	SS.6.17.48	K	grouped-minor	punctuation		 	āt	su	timirātsu ghorataḥ	timirāt sughorataḥ
SS.6.17	SS.6.17.48	K	grouped-minor	punctuation	 		su	gh	timirātsu ghorataḥ	timirāt sughorataḥ
SS.6.17	SS.6.17.48	H	grouped-minor	punctuation		 	āt	su	timirātsu ghorataḥ	timirāt sughorataḥ
SS.6.17	SS.6.17.48	H	grouped-minor	punctuation	 		su	gh	timirātsu ghorataḥ	timirāt sughorataḥ
SS.6.17	SS.6.17.49	H	grouped-minor	nasal-anusvara	ṃ	m	la		kevalaṃ	kevalam
SS.6.17	SS.6.17.52	H	grouped-minor	degemination	v			vi	vvijānatā	vijānatā
SS.6.17	SS.6.17.53	H	grouped-minor	nasal-anusvara	n	ṃ	ga		arāgan	arāgaṃ
SS.6.17	SS.6.17.55	K	grouped-minor	degemination	t		rt	āk	bhaved vṛddhendvātapatramuktāvarttākṛtiḥ	bhaved vṛddhendvātapatramuktāvartākṛtiḥ
SS.6.17	SS.6.17.58	K	grouped-minor	punctuation	 |		aḥ		apāṅgataḥ |	apāṅgataḥ
SS.6.17	SS.6.17.60	H	grouped-minor	nasal-anusvara	n	ṃ	ṇa		adakṣiṇan	adakṣiṇaṃ
SS.6.17	SS.6.17.61	K	grouped-minor	sibilant	s	ś	da	 c	samyak chabdas ca	samyak chabdaś ca
SS.6.17	SS.6.17.65	K	grouped-minor	punctuation	 	'	te	pi	pratyāgate pi	pratyāgate'pi
SS.6.17	SS.6.17.65	H	grouped-minor	punctuation	 	'	te	pi	pratyāgate pi	pratyāgate'pi
SS.6.17	SS.6.17.66a	H	grouped-minor	degemination	v			vy	vvyadhaṃ	vyadhaṃ
SS.6.17	SS.6.17.64b	K	editorial-surface	other	g	bh	hā	ra	athāgramukte ca	athābhramukte ca
SS.6.17	SS.6.17.64b	H	editorial-surface	other	g	bh	hā	ra	athāgramuktai	athābhramukte ca
SS.6.17	SS.6.17.64b	H	editorial-surface	other		e c	kt	ai	athāgramuktai	athābhramukte ca
SS.6.17	SS.6.17.64b	H	editorial-surface	deletion	i		ta		athāgramuktai	athābhramukte ca
SS.6.17	SS.6.17.64b	K	editorial-surface	insertion		r	ri		hari	harir
SS.6.17	SS.6.17.67	H	grouped-minor	degemination	p		ar	pi	sarppiṣābhyajya	sarpiṣābhyajya
SS.6.17	SS.6.17.67	H	editorial-surface	nasal-anusvara		m	na		śayītottāna	śayītottānam
SS.6.17	SS.6.17.67	K	editorial-surface	sibilant	s	ś		ay	sayītottānam	śayītottānam
SS.6.17	SS.6.17.69	K	editorial-surface	ba-va	v	b		āh	vāhyataḥ ||	bāhyataḥ
SS.6.17	SS.6.17.69	K	editorial-surface	punctuation	 ||		aḥ		vāhyataḥ ||	bāhyataḥ
SS.6.17	SS.6.17.69	H	editorial-surface	ba-va	v	b		āh	vāhyataḥ ||	bāhyataḥ
SS.6.17	SS.6.17.69	H	editorial-surface	punctuation	 ||		aḥ		vāhyataḥ ||	bāhyataḥ
SS.6.17	SS.6.17.83	K	editorial-surface	nasal-anusvara		ṃ	tā		hitā	hitāṃ
SS.6.17	SS.6.17.83	H	editorial-surface	nasal-anusvara		ṃ	tā		hitā	hitāṃ
SS.6.17	SS.6.17.85	K	editorial-surface	sibilant	s	ś		āt	sātakumbhī ca	śātakumbhī ca
SS.6.17	SS.6.17.85	H	editorial-surface	sibilant	s	ś		āt	sātakombhī ca	śātakumbhī ca
SS.6.17	SS.6.17.85	H	editorial-surface	other	o	u	ak	mb	sātakombhī ca	śātakumbhī ca
SS.6.17	SS.6.17.86	H	grouped-minor	degemination	v			vy	vvyadhadoṣataḥ	vyadhadoṣataḥ
SS.6.17	SS.6.17.87	K	editorial-surface	other	 t	ṣ	ṣi	u	akṣi tu	akṣiṣu
SS.6.17	SS.6.17.87	H	editorial-surface	other	 t	ṣ	ṣi	u	akṣi tu	akṣiṣu
SS.6.17	SS.6.17.87	K	grouped-minor	nasal-anusvara	ṃ	n	gā		yogāṃ	yogān
SS.6.17	SS.6.17.88	K	editorial-surface	punctuation	 	'	yo	ya	prayojyo yaṃ	prayojyo'yaṃ
SS.6.17	SS.6.17.88	H	editorial-surface	punctuation	 	'	yo	ya	prayojyo yaṃ	prayojyo'yaṃ
SS.6.17	SS.6.17.89	H	grouped-minor	degemination	m		ar	mā	śarmmārthine	śarmārthine
SS.6.17	SS.6.17.90	K	editorial-surface	insertion		r	rā	dd	ajākṣīrāddhitair	ajākṣīrārditair
SS.6.17	SS.6.17.90	K	editorial-surface	other	dh		ād	it	ajākṣīrāddhitair	ajākṣīrārditair
SS.6.17	SS.6.17.90	H	editorial-surface	vowel-length	a	ā	aj	kṣ	ajakṣīrārdditair	ajākṣīrārditair
SS.6.17	SS.6.17.90	H	editorial-surface	degemination	d		rd	it	ajakṣīrārdditair	ajākṣīrārditair
SS.6.17	SS.6.17.90	H	grouped-minor	degemination	l			le	llepaḥ	lepaḥ
SS.6.17	SS.6.17.90	K	grouped-minor	punctuation	 	'	to	th	kṛto thavā	kṛto'thavā
SS.6.17	SS.6.17.90	H	grouped-minor	punctuation	 	'	to	th	kṛto thavā	kṛto'thavā
SS.6.17	SS.6.17.91	H	grouped-minor	degemination	v		 v	ā	drākṣāmadhukalodhrair vvā	drākṣāmadhukalodhrair vā
SS.6.17	SS.6.17.91	K	editorial-surface	nasal-anusvara	n		ai	dh	saindhavāyutaiḥ |	saidhavāyutaiḥ
SS.6.17	SS.6.17.91	K	editorial-surface	punctuation	 |		iḥ		saindhavāyutaiḥ |	saidhavāyutaiḥ
SS.6.17	SS.6.17.91	H	editorial-surface	nasal-anusvara	n		ai	dh	saindhavāyutaiḥ |	saidhavāyutaiḥ
SS.6.17	SS.6.17.91	H	editorial-surface	punctuation	 |		iḥ		saindhavāyutaiḥ |	saidhavāyutaiḥ
SS.6.17	SS.6.17.91	K	editorial-surface	nasal-anusvara	ṃ 		ra	sa	lodhraṃ saindhavamṛdvīkāmadhukair	lodhrasaindhavamṛdvīkāmadhukair
SS.6.17	SS.6.17.91	H	editorial-surface	vowel-length	ū	u	dh	ka	lodhrasaindhavamṛdvīkāmadhūkair	lodhrasaindhavamṛdvīkāmadhukair
SS.6.17	SS.6.17.92	K	editorial-surface	sibilant	s	ś		ri	sritaṃ	śritaṃ
SS.6.17	SS.6.17.93	H	grouped-minor	degemination	ṇ		ar	ṇī	śatāvarīpṛthakparṇṇīmustāmadhukapadmakaiḥ	śatāvarīpṛthakparṇīmustāmadhukapadmakaiḥ
SS.6.17	SS.6.17.93	K	editorial-surface	sibilant	s	ś		ri	sritaṃ	śritaṃ
SS.6.17	SS.6.17.93	H	editorial-surface	sibilant	s	ś		ri	sritaṃ	śritaṃ
SS.6.17	SS.6.17.94	H	grouped-minor	degemination	g		rg	uṇ	caturgguṇe	caturguṇe
SS.6.17	SS.6.17.94	H	grouped-minor	degemination	v		ar	va	sarvvakarmmasu	sarvakarmasu
SS.6.17	SS.6.17.94	H	grouped-minor	degemination	m		rm	as	sarvvakarmmasu	sarvakarmasu
SS.6.17	SS.6.17.96	K	grouped-minor	visarga	ḥ	r	ṭe		dṛṣṭeḥ	dṛṣṭer
SS.6.17	SS.6.17.97	K	grouped-minor	sibilant	s	ś	yā		jātyās	jātyāś
SS.6.17	SS.6.17.97	K	editorial-surface	nasal-anusvara	ṇ	n	yā	i	tulyāṇi	tulyāni
SS.6.17	SS.6.17.97	H	editorial-surface	nasal-anusvara	ṇ	n	yā	i	tulyāṇi	tulyāni
SS.6.17	SS.6.17.97	K	grouped-minor	punctuation	 		tā	va	muktā vaiḍūryam	muktāvaiḍūryam
SS.6.17	SS.6.17.97	H	grouped-minor	punctuation	 		tā	va	muktā vaiḍūryam	muktāvaiḍūryam
SS.6.17	SS.6.17.99	H	grouped-minor	degemination	v		ūr	va	pūrvvavat | dṛṣṭeḥ	pūrvavat | dṛṣṭeḥ
SS.6.64	SS.6.64.3cd	K	grouped-minor	nasal-anusvara	ṃ	m	ta		hitaṃ	hitam
SS.6.64	SS.6.64.3cd	H	grouped-minor	nasal-anusvara	ṃ	m	ta		hitaṃ	hitam
SS.6.64	SS.6.64.4	K	editorial-surface	insertion		r	 a	th	tasminn athāṃ	tasminn arthaṃ
SS.6.64	SS.6.64.4	K	editorial-surface	vowel-length	ā	a	th	ṃ	tasminn athāṃ	tasminn arthaṃ
SS.6.64	SS.6.64.4	H	editorial-surface	other	ān	aṃ	th		tasminn arthān	tasminn arthaṃ
SS.6.64	SS.6.64.6	K	grouped-minor	nasal-anusvara	ṃ	m	nā		dehināṃ	dehinām
SS.6.64	SS.6.64.6	H	grouped-minor	nasal-anusvara	ṃ	m	nā		dehināṃ	dehinām
SS.6.64	SS.6.64.7	H	grouped-minor	nasal-anusvara	n	ṃ	ha		kledaviśuddhyarthan	kledaviśuddhyarthaṃ
SS.6.64	SS.6.64.7	H	grouped-minor	nasal-anusvara	n	ṃ	sa	dh	doṣasandhāraṇāya ca	doṣasaṃdhāraṇāya ca
SS.6.64	SS.6.64.7	H	grouped-minor	nasal-anusvara	ṃ		ta	m	saṃyuktaṃm	saṃyuktam
SS.6.64	SS.6.64.7	K	grouped-minor	other	ṃ |	m	va		adravaṃ |	adravam
SS.6.64	SS.6.64.7	H	grouped-minor	nasal-anusvara	ṃ	m	va		adravaṃ	adravam
SS.6.64	SS.6.64.9	H	grouped-minor	punctuation	 		sa	kṛ	taptāyasa kṛtāmbho vā	taptāyasakṛtāmbho vā
SS.6.64	SS.6.64.11b	K	editorial-surface	other	air	ā	jy		bhojyair	bhojyā
SS.6.64	SS.6.64.11b	H	editorial-surface	degemination	b			bh	bbhojyair	bhojyā
SS.6.64	SS.6.64.11b	H	editorial-surface	other	air	ā	jy		bbhojyair	bhojyā
SS.6.64	SS.6.64.13ab	K	grouped-minor	nasal-anusvara	ṃ	m	na		maithunaṃ	maithunam
SS.6.64	SS.6.64.13ab	H	grouped-minor	nasal-anusvara	ṃ	m	na		maithunaṃ	maithunam
SS.6.64	SS.6.64.16g	H	grouped-minor	nasal-anusvara	ṃ	m	ka		satiktakaṃ	satiktakam
SS.6.64	SS.6.64.16h	H	grouped-minor	degemination	j			jā	jjāṅgalayutaṃ	jāṅgalayutaṃ
SS.6.64	SS.6.64.16i	K	editorial-surface	nasal-anusvara	ṃ	n	ṇā		hariṇāṃ	hariṇān
SS.6.64	SS.6.64.16i	H	editorial-surface	other	ṇ	r	ha	iṇ	haṇiṇān	hariṇān
SS.6.64	SS.6.64.16i	K	grouped-minor	degemination	c			ch	cchagān eṇān	chagān eṇān
SS.6.64	SS.6.64.16k	K	editorial-surface	punctuation	 		hi	kṣ	vidāhi kṣāratīkṣṇoṣṇa divāsvapnagurūṇy	vidāhikṣāratīkṣṇoṣṇaṃ divāsvapnaṃ gurūṇy
SS.6.64	SS.6.64.16k	K	editorial-surface	nasal-anusvara		ṃ	ṇa	 d	vidāhi kṣāratīkṣṇoṣṇa divāsvapnagurūṇy	vidāhikṣāratīkṣṇoṣṇaṃ divāsvapnaṃ gurūṇy
SS.6.64	SS.6.64.16k	K	editorial-surface	nasal-anusvara		ṃ 	na	gu	vidāhi kṣāratīkṣṇoṣṇa divāsvapnagurūṇy	vidāhikṣāratīkṣṇoṣṇaṃ divāsvapnaṃ gurūṇy
SS.6.64	SS.6.64.16m	K	editorial-surface	other	n	t	ya	ne	yannena	yatnena
SS.6.64	SS.6.64.17ab	H	grouped-minor	nasal-anusvara	ṃ	m	ta		sañcitaṃ	sañcitam
SS.6.64	SS.6.64.19	H	grouped-minor	degemination	d		rd	hū	śaraccandrāṃśunirddhūtam	śaraccandrāṃśunirdhūtam
SS.6.64	SS.6.64.19a	K	editorial-surface	vowel-length	ā	a	am	lo	kamālotpalaśāliṣu	kamalotpalaśāliṣu
SS.6.64	SS.6.64.28	K	grouped-minor	nasal-anusvara	ṃ	n	nā		annapānāṃ	annapānān
SS.6.64	SS.6.64.28	K	editorial-surface	nasal-anusvara	ṃ	ñ	ṣā	 ś	māṣāṃ śākāni ca	māṣāñ śākāni ca
SS.6.64	SS.6.64.28	H	editorial-surface	nasal-anusvara	n	ñ	ṣā	 ś	māṣān śākāni ca	māṣāñ śākāni ca
SS.6.64	SS.6.64.25cd	K	editorial-surface	other	o	au	aṭ		dhūpāmodamadotkaṭo	dhūpāmodamadotkaṭau
SS.6.64	SS.6.64.27e	K	editorial-surface	other	ṃś	s	rā	 t	tatrāpanītahārāṃś tu	tatrāpanītahārās tu
SS.6.64	SS.6.64.27e	H	editorial-surface	nasal-anusvara	ṃ		rā	s 	tatrāpanītahārāṃs tu	tatrāpanītahārās tu
SS.6.64	SS.6.64.27e	K	editorial-surface	other	ṃ	ḥ	tā		svalaṃkṛtāṃ	svalaṃkṛtāḥ
SS.6.64	SS.6.64.27e	H	editorial-surface	other	ṃ	ḥ	tā		svalaṃkṛtāṃ	svalaṃkṛtāḥ
SS.6.64	SS.6.64.31.add3	H	grouped-minor	nasal-anusvara	m	ṃ	ra		soṣṇasnigdhataram	soṣṇasnigdhataraṃ
SS.6.64	SS.6.64.31.add5	K	editorial-surface	sibilant	s	ś		nā	snānañ ca	śnānañ ca
SS.6.64	SS.6.64.31.add5	H	editorial-surface	sibilant	s	ś		nā	snānañ ca	śnānañ ca
SS.6.64	SS.6.64.31.add6	K	grouped-minor	punctuation	 		ra	pa	tuṣāra paṭa nirhāradīptabhāskara raśmiṣu	tuṣārapaṭanirhāradīptabhāskararaśmiṣu
SS.6.64	SS.6.64.31.add6	K	grouped-minor	punctuation	 		ṭa	ni	tuṣāra paṭa nirhāradīptabhāskara raśmiṣu	tuṣārapaṭanirhāradīptabhāskararaśmiṣu
SS.6.64	SS.6.64.31.add6	K	grouped-minor	punctuation	 		ra	ra	tuṣāra paṭa nirhāradīptabhāskara raśmiṣu	tuṣārapaṭanirhāradīptabhāskararaśmiṣu
SS.6.64	SS.6.64.31.add9	H	editorial-surface	insertion		ḥ	ni	sv	kokilodghuṣṭasamadabhramarodgītanisvanaiḥ	kokilodghuṣṭasamadabhramarodgītaniḥsvanaiḥ
SS.6.64	SS.6.64.32	K	editorial-surface	nasal-anusvara		ṃ	ṇa		viṣyaṇṇa	viṣyaṇṇaṃ
SS.6.64	SS.6.64.32	H	editorial-surface	deletion	r		ya	ṇṇ	viṣyarṇṇa	viṣyaṇṇaṃ
SS.6.64	SS.6.64.32	H	editorial-surface	nasal-anusvara		ṃ	ṇa		viṣyarṇṇa	viṣyaṇṇaṃ
SS.6.64	SS.6.64.33	K	grouped-minor	avagraha		'		mb	mbumadhurasnigdhadivāsvapnagurūṇi ca	'mbumadhurasnigdhadivāsvapnagurūṇi ca
SS.6.64	SS.6.64.33	H	grouped-minor	avagraha		'		mb	mbumadhurasnigdhadivāsvapnagurūṇi ca |	'mbumadhurasnigdhadivāsvapnagurūṇi ca
SS.6.64	SS.6.64.33	H	grouped-minor	punctuation	 |		ca		mbumadhurasnigdhadivāsvapnagurūṇi ca |	'mbumadhurasnigdhadivāsvapnagurūṇi ca
SS.6.64	SS.6.64.44cd	H	grouped-minor	nasal-anusvara	m	ṃ	la		śītalam	śītalaṃ
SS.6.64	SS.6.64.44cd	H	grouped-minor	nasal-anusvara	n	ṃ	ra		madhuran	madhuraṃ
SS.6.64	SS.6.64.43ab	H	grouped-minor	degemination	m		ar	ma	gharmmakālan	gharmakālaṃ
SS.6.64	SS.6.64.43ab	H	grouped-minor	nasal-anusvara	n	ṃ	la		gharmmakālan	gharmakālaṃ
SS.6.64	SS.6.64.51	H	grouped-minor	nasal-anusvara	ṇ	n	vi	mū	saviṣaprāṇiviṇmūtralālāniṣṭhīvanādibhiḥ	saviṣaprāṇivinmūtralālāniṣṭhīvanādibhiḥ
SS.6.64	SS.6.64.55ab	H	grouped-minor	nasal-anusvara	m	ṃ	ta		vātam	vātaṃ
SS.6.64	SS.6.64.55cd	H	grouped-minor	punctuation	 		au	ya	ṛtāvṛtau ya	ṛtāvṛtauya
SS.6.64	SS.6.64.57	K	editorial-surface	punctuation	 		ir	an	śītair annair	śītairannair
SS.6.64	SS.6.64.57	H	editorial-surface	punctuation	 		ir	an	śītair annair	śītairannair
SS.6.64	SS.6.64.64	H	grouped-minor	degemination	v		rv	a	sarvva	sarva
SS.6.64	SS.6.64.66	K	editorial-surface	nasal-anusvara	m			au	mauṣadham	auṣadham
SS.6.64	SS.6.64.66	H	editorial-surface	nasal-anusvara	m			au	mauṣadham	auṣadham
SS.6.64	SS.6.64.67	K	editorial-surface	punctuation		 	am	as	tathāmayamasamayamāśu	tathāmayam asamayam āśu
SS.6.64	SS.6.64.67	K	editorial-surface	punctuation		 	am	āś	tathāmayamasamayamāśu	tathāmayam asamayam āśu
SS.6.64	SS.6.64.68	H	grouped-minor	nasal-anusvara	n	ṃ	ta		prāgbhaktan	prāgbhaktaṃ
SS.6.64	SS.6.64.69	H	grouped-minor	degemination	m			mu	mmuhurvvadanān	muhurvadanān
SS.6.64	SS.6.64.69	H	grouped-minor	degemination	v		ur	va	mmuhurvvadanān	muhurvadanān
SS.6.64	SS.6.64.69	K	editorial-surface	nasal-anusvara	m			ād	mādadhāti	ādadhāti
SS.6.64	SS.6.64.69	H	editorial-surface	nasal-anusvara	m			ād	mādadhāti	ādadhāti
SS.6.64	SS.6.64.70	H	editorial-surface	deletion	a		ad		yada	yad
SS.6.64	SS.6.64.75cd	K	grouped-minor	punctuation		 	tv	ap	tvapi	tv api
SS.6.64	SS.6.64.75cd	H	grouped-minor	punctuation		 	tv	ap	tvapi	tv api
SS.6.64	SS.6.64.79	H	grouped-minor	degemination	m			mu	mmuhur	muhur
SS.6.64	SS.6.64.79	K	editorial-surface	insertion		y	at		bhavat	bhavaty
SS.6.64	SS.6.64.79	H	editorial-surface	insertion		y	at		bhavat	bhavaty
SS.6.64	SS.6.64.80	H	grouped-minor	punctuation	 		at	pi	yat piṇḍaṃ	yatpiṇḍaṃ
SS.6.64	SS.6.64.82cd	H	grouped-minor	gemination		c		ch	chvāsādiṣu	cchvāsādiṣu
SS.6.64	SS.6.64.trailer	K	editorial-surface	punctuation	 		ci	ki	kāyaci kitsā ||	kāyacikitsā
SS.6.64	SS.6.64.trailer	K	editorial-surface	punctuation	 ||		sā		kāyaci kitsā ||	kāyacikitsā
SS.6.65	SS.6.65.3	K	grouped-minor	punctuation	 |		aḥ		uddeśaḥ |	uddeśaḥ
SS.6.65	SS.6.65.3	H	grouped-minor	degemination	g		rg	aḥ	apavarggaḥ	apavargaḥ
SS.6.65	SS.6.65.3	K	grouped-minor	nasal-anusvara	ṃ	m	ta		anumataṃ	anumatam
SS.6.65	SS.6.65.3	H	grouped-minor	nasal-anusvara	ṃ	m	na		vidhānaṃ	vidhānam
SS.6.65	SS.6.65.3	K	grouped-minor	nasal-anusvara	ṃ	m	ṇa		anāgatāpekṣaṇaṃ	anāgatāpekṣaṇam
SS.6.65	SS.6.65.3	H	grouped-minor	nasal-anusvara	m	ṃ	ṇa		atikrāntāpekṣaṇam	atikrāntāpekṣaṇaṃ
SS.6.65	SS.6.65.9	K	grouped-minor	nasal-anusvara	ṃ	m	ṇa		ekīkaraṇaṃ	ekīkaraṇam
SS.6.65	SS.6.65.9	H	grouped-minor	nasal-anusvara	ṃ	m	ṇa		ekīkaraṇaṃ	ekīkaraṇam
SS.6.65	SS.6.65.9	K	grouped-minor	nasal-anusvara	ṃ	m	ta		prayuktaṃ	prayuktam
SS.6.65	SS.6.65.10	K	grouped-minor	nasal-anusvara	m	ṃ	nā		padānām	padānāṃ
SS.6.65	SS.6.65.10	K	editorial-surface	avagraha		'	o 	rt	vā yo rthaḥ sa	vā yo 'rthaḥ sa
SS.6.65	SS.6.65.10	H	editorial-surface	other		vā 		yo	yo rthaḥ sa	vā yo 'rthaḥ sa
SS.6.65	SS.6.65.10	H	editorial-surface	avagraha		'	o 	rt	yo rthaḥ sa	vā yo 'rthaḥ sa
SS.6.65	SS.6.65.10	K	grouped-minor	punctuation	| 			sā	| sāmavedādayaś ca	sāmavedādayaś ca
SS.6.65	SS.6.65.10	K	editorial-surface	other		ya	kṣ		upalakṣ	upalakṣya
SS.6.65	SS.6.65.17	K	editorial-surface	insertion		y	ad		yad	yady
SS.6.65	SS.6.65.17	H	editorial-surface	insertion		y	ad		yad	yady
SS.6.65	SS.6.65.20	H	grouped-minor	nasal-anusvara	m	ṃ	na		arthād āpannam	arthād āpannaṃ
SS.6.65	SS.6.65.22	K	grouped-minor	nasal-anusvara	ṃ	ṅ	sa	ga	prasaṃgaḥ	prasaṅgaḥ
SS.6.65	SS.6.65.22	H	grouped-minor	nasal-anusvara	ṃ	ṅ	sa	ga	prasaṃgaḥ	prasaṅgaḥ
SS.6.65	SS.6.65.22	K	grouped-minor	other	a	'		sa	asakṛd asakṛd uktaḥ	'sakṛd asakṛd uktaḥ
SS.6.65	SS.6.65.22	H	grouped-minor	degemination	v		ar	va	sarvvatra	sarvatra
SS.6.65	SS.6.65.28	K	grouped-minor	nasal-anusvara	ṃ	m	ta		anumataṃ	anumatam
SS.6.65	SS.6.65.28	H	grouped-minor	nasal-anusvara	ñ 	ṃ	ha	ci	kathañ cit	kathaṃcit
SS.6.65	SS.6.65.29	H	grouped-minor	punctuation	2		hi	ma	sakthi2marmmāṇy	sakthimarmāṇy
SS.6.65	SS.6.65.29	H	grouped-minor	degemination	m		rm	āṇ	sakthi2marmmāṇy	sakthimarmāṇy
SS.6.65	SS.6.65.30	K	grouped-minor	nasal-anusvara	ṃ	m	ṇa		anāgatāpekṣaṇaṃ	anāgatāpekṣaṇam
SS.6.65	SS.6.65.30	H	grouped-minor	nasal-anusvara	ṃ	m	ṇa		anāgatāpekṣaṇaṃ	anāgatāpekṣaṇam
SS.6.65	SS.6.65.31	K	grouped-minor	nasal-anusvara	ṃ	n	rā	tā	atikrāṃtāpekṣaṇaṃ	atikrāntāpekṣaṇam
SS.6.65	SS.6.65.31	K	grouped-minor	nasal-anusvara	ṃ	m	ṇa		atikrāṃtāpekṣaṇaṃ	atikrāntāpekṣaṇam
SS.6.65	SS.6.65.31	H	grouped-minor	nasal-anusvara	ṃ	m	ṇa		atikrāntāpekṣaṇaṃ	atikrāntāpekṣaṇam
SS.6.65	SS.6.65.32	K	editorial-surface	insertion		a		pr	prāṇaharaṃ	aprāṇaharam
SS.6.65	SS.6.65.32	K	editorial-surface	nasal-anusvara	ṃ	m	ra		prāṇaharaṃ	aprāṇaharam
SS.6.65	SS.6.65.32	H	editorial-surface	other	ḥ	m	ra		aprāṇaharaḥ	aprāṇaharam
SS.6.65	SS.6.65.33	H	editorial-surface	other	m	ś	ti	ay	tatrātimayo 'pavarṇṇanaṃ	tatrātiśayopavarṇanaṃ
SS.6.65	SS.6.65.33	H	editorial-surface	punctuation	 '		yo	pa	tatrātimayo 'pavarṇṇanaṃ	tatrātiśayopavarṇanaṃ
SS.6.65	SS.6.65.33	H	editorial-surface	degemination	ṇ		rṇ	an	tatrātimayo 'pavarṇṇanaṃ	tatrātiśayopavarṇanaṃ
SS.6.65	SS.6.65.33	H	grouped-minor	nasal-anusvara	ṅ	ṃ	vi	śa	pañcaviṅśakaḥ	pañcaviṃśakaḥ
SS.6.65	SS.6.65.34	K	grouped-minor	nasal-anusvara	ṃ	m	sā		sarpistailavasāṃ	sarpistailavasām
SS.6.65	SS.6.65.36	K	editorial-surface	avagraha		'		bh	bhivṛddhiṃ	'bhivṛddhiṃ
SS.6.65	SS.6.65.36	K	editorial-surface	avagraha		'		bh	bhivṛddhiṃ	'bhivṛddhiṃ
SS.6.65	SS.6.65.36	H	editorial-surface	avagraha		'		bh	bhivṛddhiṃ	'bhivṛddhiṃ
SS.6.65	SS.6.65.39	H	grouped-minor	nasal-anusvara	m	ṃ	da		idam	idaṃ
SS.6.65	SS.6.65.39	K	editorial-surface	other	de 			ce	de cedañ	cedañ
SS.6.65	SS.6.65.39	H	editorial-surface	other	ev	c		ed	evedañ	cedañ
SS.6.65	SS.6.65.39	H	grouped-minor	degemination	g		rg	e	māṃsavargge	māṃsavarge
SS.6.65	SS.6.65.38	H	grouped-minor	punctuation	 		pa	va	saṃkṣepa vacanaṃ	saṃkṣepavacanaṃ
SS.6.65	SS.6.65.40	K	editorial-surface	nasal-anusvara		n	va	ta	dhanvatariḥ	dhanvantariḥ
